subscription_id,user_id,subscription_date,plan_type,amount
1,1,2025-02-16,yearly,999
2,2,2025-02-09,monthly,99
3,10,2025-01-15,yearly,999
4,11,2025-01-19,monthly,99
5,12,2025-01-30,yearly,999
6,14,2025-01-21,yearly,999
7,15,2025-02-18,yearly,999
8,17,2025-03-06,monthly,99
9,18,2025-03-11,monthly,99
10,19,2025-03-07,yearly,999
11,20,2025-01-20,yearly,999
12,21,2025-01-22,yearly,999
13,22,2025-02-03,monthly,99
14,23,2025-03-11,yearly,999
15,25,2025-02-08,yearly,999
16,28,2025-02-10,monthly,99
17,33,2025-03-05,yearly,999
18,34,2025-01-30,yearly,999
19,35,2025-01-15,monthly,99
20,39,2025-03-01,monthly,99
21,41,2025-03-05,monthly,99
22,42,2025-02-15,yearly,999
23,43,2025-01-28,monthly,99
24,44,2025-01-27,yearly,999
25,45,2025-01-16,yearly,999
26,48,2025-03-05,yearly,999
27,49,2025-03-05,monthly,99
28,51,2025-02-14,monthly,99
29,52,2025-03-09,yearly,999
30,53,2025-01-26,yearly,999
31,55,2025-03-06,monthly,99
32,56,2025-01-26,yearly,999
33,57,2025-01-20,yearly,999
34,58,2025-01-22,monthly,99
35,62,2025-01-13,yearly,999
36,64,2025-01-25,yearly,999
37,65,2025-01-20,monthly,99
38,67,2025-02-27,monthly,99
39,68,2025-01-23,yearly,999
40,70,2025-01-17,monthly,99
41,71,2025-03-08,monthly,99
42,74,2025-01-26,monthly,99
43,76,2025-02-02,yearly,999
44,82,2025-02-14,yearly,999
45,84,2025-01-20,monthly,99
46,85,2025-03-05,monthly,99
47,90,2025-01-24,monthly,99
48,92,2025-02-26,monthly,99
49,93,2025-03-03,yearly,999
50,94,2025-02-03,yearly,999
51,99,2025-03-07,yearly,999
52,100,2025-03-01,yearly,999
53,104,2025-02-17,yearly,999
54,106,2025-02-08,yearly,999
55,107,2025-02-23,monthly,99
56,108,2025-02-24,monthly,99
57,109,2025-02-11,monthly,99
58,110,2025-03-07,monthly,99
59,112,2025-02-05,monthly,99
60,113,2025-01-26,monthly,99
61,114,2025-01-28,monthly,99
62,115,2025-01-26,yearly,999
63,118,2025-02-28,monthly,99
64,119,2025-02-14,yearly,999
65,120,2025-02-25,yearly,999
66,121,2025-02-22,monthly,99
67,123,2025-02-19,monthly,99
68,124,2025-01-30,yearly,999
69,126,2025-02-19,yearly,999
70,127,2025-02-09,monthly,99
71,131,2025-01-21,yearly,999
72,132,2025-02-26,yearly,999
73,136,2025-01-18,yearly,999
74,137,2025-03-06,monthly,99
75,138,2025-01-26,yearly,999
76,140,2025-02-27,monthly,99
77,145,2025-02-22,monthly,99
78,146,2025-02-18,monthly,99
79,149,2025-03-06,yearly,999
80,150,2025-01-17,yearly,999
81,151,2025-02-23,yearly,999
82,153,2025-01-23,yearly,999
83,154,2025-02-19,monthly,99
84,155,2025-03-05,monthly,99
85,157,2025-02-13,monthly,99
86,161,2025-01-22,monthly,99
87,162,2025-02-26,yearly,999
88,163,2025-02-12,monthly,99
89,164,2025-02-18,yearly,999
90,165,2025-02-26,yearly,999
91,167,2025-01-19,yearly,999
92,168,2025-02-25,yearly,999
93,169,2025-01-16,yearly,999
94,174,2025-01-29,monthly,99
95,176,2025-03-05,yearly,999
96,177,2025-02-21,monthly,99
97,178,2025-03-02,monthly,99
98,179,2025-01-23,yearly,999
99,181,2025-03-07,yearly,999
100,182,2025-02-27,yearly,999
101,183,2025-01-11,yearly,999
102,184,2025-03-10,yearly,999
103,186,2025-01-29,monthly,99
104,187,2025-02-27,monthly,99
105,188,2025-01-25,yearly,999
106,189,2025-01-19,monthly,99
107,191,2025-01-27,yearly,999
108,192,2025-03-01,yearly,999
109,193,2025-02-21,yearly,999
110,199,2025-01-12,monthly,99
111,201,2025-03-02,yearly,999
112,203,2025-02-09,monthly,99
113,204,2025-01-25,yearly,999
114,205,2025-02-26,yearly,999
115,206,2025-03-06,yearly,999
116,207,2025-01-18,yearly,999
117,209,2025-03-06,yearly,999
118,210,2025-01-19,yearly,999
119,211,2025-02-06,yearly,999
120,212,2025-02-07,yearly,999
121,216,2025-02-28,yearly,999
122,218,2025-02-03,yearly,999
123,220,2025-01-14,yearly,999
124,221,2025-02-01,yearly,999
125,224,2025-02-28,yearly,999
126,228,2025-02-13,monthly,99
127,229,2025-01-22,yearly,999
128,231,2025-01-26,monthly,99
129,234,2025-02-16,monthly,99
130,236,2025-03-10,monthly,99
131,237,2025-01-12,monthly,99
132,238,2025-02-02,yearly,999
133,241,2025-01-31,yearly,999
134,244,2025-01-23,monthly,99
135,245,2025-02-11,yearly,999
136,246,2025-01-15,monthly,99
137,247,2025-02-28,monthly,99
138,248,2025-02-13,monthly,99
139,250,2025-01-27,yearly,999
140,252,2025-01-21,yearly,999
141,255,2025-03-09,monthly,99
142,256,2025-02-06,monthly,99
143,257,2025-02-19,monthly,99
144,258,2025-01-12,monthly,99
145,259,2025-02-04,monthly,99
146,260,2025-02-15,yearly,999
147,262,2025-02-28,monthly,99
148,263,2025-01-18,yearly,999
149,265,2025-02-13,monthly,99
150,267,2025-01-26,monthly,99
151,268,2025-01-24,monthly,99
152,269,2025-02-15,yearly,999
153,272,2025-02-19,yearly,999
154,274,2025-03-11,yearly,999
155,275,2025-02-07,monthly,99
156,276,2025-01-12,monthly,99
157,277,2025-02-24,yearly,999
158,279,2025-03-05,monthly,99
159,284,2025-01-30,yearly,999
160,285,2025-01-30,yearly,999
161,286,2025-02-15,monthly,99
162,288,2025-01-25,monthly,99
163,289,2025-02-27,monthly,99
164,290,2025-01-23,monthly,99
165,293,2025-02-01,monthly,99
166,294,2025-01-18,monthly,99
167,297,2025-02-03,monthly,99
168,298,2025-01-29,monthly,99
169,299,2025-02-12,yearly,999
170,300,2025-01-21,monthly,99
171,302,2025-01-27,yearly,999
172,305,2025-03-01,yearly,999
173,306,2025-03-05,yearly,999
174,308,2025-02-24,yearly,999
175,309,2025-02-04,monthly,99
176,310,2025-02-01,monthly,99
177,311,2025-02-14,monthly,99
178,312,2025-01-13,yearly,999
179,315,2025-03-10,yearly,999
180,319,2025-02-18,monthly,99
181,320,2025-03-02,monthly,99
182,321,2025-01-25,yearly,999
183,322,2025-02-25,yearly,999
184,325,2025-02-03,yearly,999
185,327,2025-02-10,monthly,99
186,328,2025-02-10,monthly,99
187,329,2025-02-02,monthly,99
188,330,2025-01-24,monthly,99
189,331,2025-02-07,monthly,99
190,332,2025-01-22,monthly,99
191,335,2025-02-20,yearly,999
192,336,2025-02-15,monthly,99
193,337,2025-01-14,monthly,99
194,339,2025-01-30,monthly,99
195,341,2025-02-11,monthly,99
196,343,2025-03-06,monthly,99
197,344,2025-03-09,monthly,99
198,345,2025-01-28,monthly,99
199,346,2025-02-09,yearly,999
200,347,2025-02-07,monthly,99
201,349,2025-03-08,monthly,99
202,350,2025-03-06,monthly,99
203,352,2025-01-27,yearly,999
204,353,2025-01-30,yearly,999
205,354,2025-03-04,yearly,999
206,355,2025-02-16,yearly,999
207,356,2025-02-26,yearly,999
208,357,2025-02-01,yearly,999
209,358,2025-02-19,yearly,999
210,359,2025-01-21,monthly,99
211,362,2025-02-22,monthly,99
212,363,2025-01-18,yearly,999
213,365,2025-03-05,monthly,99
214,366,2025-03-11,monthly,99
215,369,2025-02-20,yearly,999
216,370,2025-02-13,monthly,99
217,371,2025-01-29,monthly,99
218,372,2025-02-15,yearly,999
219,375,2025-02-18,monthly,99
220,376,2025-02-02,monthly,99
221,377,2025-01-23,monthly,99
222,378,2025-01-21,yearly,999
223,379,2025-02-21,yearly,999
224,382,2025-02-12,monthly,99
225,384,2025-02-17,monthly,99
226,385,2025-01-11,yearly,999
227,387,2025-01-25,monthly,99
228,388,2025-01-27,monthly,99
229,390,2025-01-14,yearly,999
230,391,2025-02-23,monthly,99
231,393,2025-02-16,monthly,99
232,396,2025-02-13,monthly,99
233,398,2025-03-01,yearly,999
234,399,2025-02-05,monthly,99
235,400,2025-01-23,yearly,999
236,401,2025-01-15,monthly,99
237,402,2025-01-26,yearly,999
238,403,2025-01-28,yearly,999
239,405,2025-02-01,yearly,999
240,406,2025-01-13,yearly,999
241,407,2025-03-10,monthly,99
242,409,2025-01-12,yearly,999
243,410,2025-01-20,yearly,999
244,412,2025-02-28,monthly,99
245,415,2025-01-25,monthly,99
246,417,2025-01-29,monthly,99
247,418,2025-03-05,yearly,999
248,419,2025-03-03,yearly,999
249,420,2025-01-21,monthly,99
250,421,2025-01-19,monthly,99
251,422,2025-02-24,yearly,999
252,423,2025-03-05,yearly,999
253,424,2025-01-20,yearly,999
254,425,2025-02-02,monthly,99
255,426,2025-03-10,yearly,999
256,427,2025-01-17,yearly,999
257,429,2025-02-15,monthly,99
258,431,2025-02-09,monthly,99
259,433,2025-02-02,yearly,999
260,435,2025-01-31,monthly,99
261,437,2025-02-23,yearly,999
262,438,2025-01-20,monthly,99
263,439,2025-02-21,monthly,99
264,441,2025-01-18,yearly,999
265,443,2025-03-11,yearly,999
266,444,2025-02-28,yearly,999
267,446,2025-02-05,yearly,999
268,449,2025-02-18,yearly,999
269,450,2025-01-14,yearly,999
270,451,2025-03-01,monthly,99
271,453,2025-02-06,monthly,99
272,456,2025-02-02,monthly,99
273,457,2025-02-13,yearly,999
274,460,2025-03-06,monthly,99
275,463,2025-02-21,monthly,99
276,464,2025-01-25,yearly,999
277,465,2025-02-10,monthly,99
278,466,2025-02-12,monthly,99
279,470,2025-02-11,yearly,999
280,472,2025-01-27,yearly,999
281,473,2025-03-02,yearly,999
282,474,2025-02-18,monthly,99
283,475,2025-02-16,monthly,99
284,476,2025-01-20,yearly,999
285,477,2025-01-27,yearly,999
286,479,2025-01-11,yearly,999
287,481,2025-01-22,yearly,999
288,483,2025-02-14,monthly,99
289,484,2025-02-21,yearly,999
290,485,2025-02-01,monthly,99
291,486,2025-03-04,yearly,999
292,487,2025-02-19,monthly,99
293,488,2025-02-21,yearly,999
294,490,2025-02-11,yearly,999
295,492,2025-02-11,yearly,999
296,493,2025-01-30,monthly,99
297,494,2025-02-02,monthly,99
298,497,2025-03-06,yearly,999
299,498,2025-02-25,monthly,99
300,499,2025-01-15,yearly,999
301,503,2025-02-24,monthly,99
302,504,2025-02-08,yearly,999
303,508,2025-03-07,yearly,999
304,509,2025-02-17,yearly,999
305,514,2025-02-25,monthly,99
306,515,2025-02-26,yearly,999
307,516,2025-03-08,monthly,99
308,517,2025-01-21,yearly,999
309,518,2025-02-06,yearly,999
310,519,2025-02-18,monthly,99
311,520,2025-02-24,yearly,999
312,521,2025-02-15,yearly,999
313,522,2025-01-22,monthly,99
314,523,2025-03-03,yearly,999
315,525,2025-01-19,yearly,999
316,526,2025-02-14,monthly,99
317,529,2025-01-24,monthly,99
318,530,2025-01-25,yearly,999
319,531,2025-02-21,yearly,999
320,535,2025-02-28,yearly,999
321,537,2025-02-16,monthly,99
322,538,2025-02-11,yearly,999
323,539,2025-02-14,yearly,999
324,541,2025-02-03,monthly,99
325,543,2025-02-25,yearly,999
326,544,2025-01-11,yearly,999
327,545,2025-01-26,yearly,999
328,546,2025-02-19,monthly,99
329,547,2025-01-29,yearly,999
330,548,2025-02-07,monthly,99
331,549,2025-02-25,monthly,99
332,550,2025-01-23,monthly,99
333,551,2025-01-13,yearly,999
334,554,2025-02-03,monthly,99
335,557,2025-03-10,yearly,999
336,559,2025-01-14,yearly,999
337,561,2025-01-22,monthly,99
338,564,2025-03-03,monthly,99
339,565,2025-02-25,yearly,999
340,566,2025-01-18,monthly,99
341,570,2025-03-10,monthly,99
342,571,2025-01-20,yearly,999
343,572,2025-01-12,monthly,99
344,573,2025-01-29,yearly,999
345,576,2025-02-19,yearly,999
346,577,2025-03-10,yearly,999
347,578,2025-03-02,yearly,999
348,579,2025-02-15,yearly,999
349,580,2025-02-27,yearly,999
350,582,2025-03-09,yearly,999
351,583,2025-02-18,monthly,99
352,585,2025-03-09,monthly,99
353,586,2025-01-18,yearly,999
354,588,2025-02-26,monthly,99
355,589,2025-02-04,monthly,99
356,590,2025-01-12,yearly,999
357,593,2025-03-01,yearly,999
358,594,2025-02-08,yearly,999
359,595,2025-03-09,monthly,99
360,597,2025-02-05,yearly,999
361,599,2025-02-28,yearly,999
362,600,2025-01-28,yearly,999
363,601,2025-02-19,monthly,99
364,602,2025-01-21,yearly,999
365,603,2025-02-28,monthly,99
366,605,2025-01-30,yearly,999
367,606,2025-02-22,yearly,999
368,607,2025-02-21,monthly,99
369,609,2025-03-01,yearly,999
370,610,2025-02-03,monthly,99
371,611,2025-01-12,monthly,99
372,612,2025-03-05,yearly,999
373,613,2025-02-09,monthly,99
374,615,2025-02-27,yearly,999
375,616,2025-01-21,monthly,99
376,617,2025-02-28,monthly,99
377,619,2025-01-15,yearly,999
378,620,2025-01-16,yearly,999
379,621,2025-03-10,monthly,99
380,622,2025-01-22,yearly,999
381,623,2025-01-15,monthly,99
382,624,2025-01-14,monthly,99
383,625,2025-02-13,monthly,99
384,626,2025-01-25,monthly,99
385,627,2025-02-16,monthly,99
386,628,2025-01-11,yearly,999
387,629,2025-02-28,monthly,99
388,630,2025-02-16,monthly,99
389,631,2025-02-18,monthly,99
390,634,2025-03-01,yearly,999
391,635,2025-01-22,monthly,99
392,637,2025-02-06,yearly,999
393,638,2025-01-27,yearly,999
394,639,2025-02-02,monthly,99
395,641,2025-03-02,monthly,99
396,644,2025-02-17,yearly,999
397,646,2025-03-01,monthly,99
398,648,2025-03-10,monthly,99
399,650,2025-02-01,yearly,999
400,652,2025-02-13,monthly,99
401,653,2025-01-28,monthly,99
402,655,2025-03-03,yearly,999
403,657,2025-02-24,yearly,999
404,658,2025-02-27,yearly,999
405,659,2025-01-18,monthly,99
406,661,2025-01-29,yearly,999
407,663,2025-03-02,monthly,99
408,665,2025-02-08,yearly,999
409,666,2025-02-06,yearly,999
410,667,2025-03-06,yearly,999
411,668,2025-02-04,yearly,999
412,671,2025-01-19,monthly,99
413,673,2025-01-31,monthly,99
414,675,2025-02-11,yearly,999
415,676,2025-02-05,monthly,99
416,677,2025-02-28,monthly,99
417,678,2025-03-08,monthly,99
418,679,2025-01-31,yearly,999
419,680,2025-02-05,monthly,99
420,683,2025-02-01,monthly,99
421,684,2025-02-15,yearly,999
422,686,2025-02-23,monthly,99
423,689,2025-01-23,monthly,99
424,690,2025-02-08,monthly,99
425,692,2025-02-09,monthly,99
426,694,2025-01-25,monthly,99
427,696,2025-02-27,monthly,99
428,699,2025-01-14,monthly,99
429,701,2025-01-17,yearly,999
430,702,2025-01-23,monthly,99
431,703,2025-03-04,yearly,999
432,704,2025-03-07,monthly,99
433,705,2025-02-14,monthly,99
434,706,2025-02-21,monthly,99
435,707,2025-01-19,monthly,99
436,708,2025-02-10,monthly,99
437,710,2025-02-16,yearly,999
438,711,2025-02-22,monthly,99
439,712,2025-01-21,monthly,99
440,714,2025-02-11,monthly,99
441,715,2025-01-15,yearly,999
442,717,2025-02-24,monthly,99
443,720,2025-02-17,yearly,999
444,721,2025-01-29,monthly,99
445,722,2025-03-02,monthly,99
446,723,2025-01-16,monthly,99
447,724,2025-02-23,monthly,99
448,726,2025-02-15,monthly,99
449,727,2025-01-18,yearly,999
450,728,2025-02-03,monthly,99
451,730,2025-02-19,yearly,999
452,733,2025-01-22,monthly,99
453,736,2025-03-04,monthly,99
454,738,2025-02-21,monthly,99
455,741,2025-02-07,yearly,999
456,743,2025-03-01,monthly,99
457,748,2025-01-28,yearly,999
458,749,2025-02-16,yearly,999
459,750,2025-03-09,monthly,99
460,751,2025-02-06,yearly,999
461,752,2025-02-09,yearly,999
462,753,2025-03-04,monthly,99
463,754,2025-02-05,yearly,999
464,758,2025-02-28,yearly,999
465,759,2025-01-13,monthly,99
466,760,2025-01-12,monthly,99
467,761,2025-02-08,yearly,999
468,762,2025-03-07,monthly,99
469,763,2025-01-28,yearly,999
470,764,2025-03-10,monthly,99
471,768,2025-03-05,monthly,99
472,771,2025-03-09,yearly,999
473,772,2025-03-03,monthly,99
474,774,2025-02-16,yearly,999
475,775,2025-03-10,yearly,999
476,776,2025-03-04,yearly,999
477,778,2025-02-25,yearly,999
478,779,2025-02-14,monthly,99
479,781,2025-03-02,monthly,99
480,782,2025-01-26,monthly,99
481,784,2025-02-17,yearly,999
482,785,2025-02-24,monthly,99
483,786,2025-01-12,monthly,99
484,789,2025-02-03,yearly,999
485,791,2025-02-19,yearly,999
486,792,2025-03-05,monthly,99
487,793,2025-02-03,yearly,999
488,794,2025-01-21,yearly,999
489,795,2025-02-18,monthly,99
490,796,2025-02-06,monthly,99
491,797,2025-01-28,yearly,999
492,799,2025-02-03,monthly,99
493,801,2025-02-15,yearly,999
494,802,2025-02-09,monthly,99
495,803,2025-01-21,monthly,99
496,805,2025-02-24,yearly,999
497,806,2025-01-13,monthly,99
498,808,2025-02-25,monthly,99
499,809,2025-03-02,yearly,999
500,810,2025-03-10,monthly,99
501,812,2025-02-06,yearly,999
502,817,2025-02-17,monthly,99
503,820,2025-02-06,yearly,999
504,821,2025-01-28,monthly,99
505,826,2025-02-10,monthly,99
506,828,2025-01-24,monthly,99
507,829,2025-02-08,monthly,99
508,830,2025-03-02,monthly,99
509,832,2025-02-20,yearly,999
510,833,2025-02-14,yearly,999
511,836,2025-03-10,monthly,99
512,839,2025-01-13,yearly,999
513,840,2025-01-22,yearly,999
514,841,2025-02-17,yearly,999
515,843,2025-02-02,monthly,99
516,844,2025-01-14,monthly,99
517,845,2025-01-26,monthly,99
518,847,2025-01-27,monthly,99
519,848,2025-02-28,yearly,999
520,850,2025-02-09,monthly,99
521,852,2025-01-26,yearly,999
522,854,2025-03-07,yearly,999
523,856,2025-01-24,monthly,99
524,857,2025-01-11,monthly,99
525,860,2025-03-01,monthly,99
526,861,2025-02-05,monthly,99
527,863,2025-02-09,monthly,99
528,864,2025-02-15,monthly,99
529,868,2025-02-18,yearly,999
530,872,2025-02-01,yearly,999
531,875,2025-02-16,yearly,999
532,876,2025-02-15,monthly,99
533,877,2025-02-15,monthly,99
534,879,2025-03-04,yearly,999
535,882,2025-01-15,yearly,999
536,883,2025-01-20,yearly,999
537,885,2025-01-31,monthly,99
538,886,2025-01-26,monthly,99
539,890,2025-02-01,yearly,999
540,891,2025-03-02,monthly,99
541,894,2025-01-28,monthly,99
542,896,2025-02-05,yearly,999
543,899,2025-02-05,yearly,999
544,901,2025-02-02,monthly,99
545,902,2025-03-11,monthly,99
546,903,2025-01-13,yearly,999
547,904,2025-01-14,yearly,999
548,907,2025-02-07,yearly,999
549,909,2025-02-18,yearly,999
550,910,2025-02-07,yearly,999
551,911,2025-02-15,monthly,99
552,913,2025-01-29,yearly,999
553,914,2025-02-23,monthly,99
554,918,2025-02-12,monthly,99
555,919,2025-01-31,monthly,99
556,920,2025-02-15,monthly,99
557,921,2025-01-21,monthly,99
558,922,2025-03-05,monthly,99
559,923,2025-02-26,monthly,99
560,924,2025-02-10,monthly,99
561,926,2025-01-27,monthly,99
562,928,2025-02-15,monthly,99
563,929,2025-02-25,monthly,99
564,930,2025-03-05,monthly,99
565,931,2025-01-31,yearly,999
566,932,2025-01-29,monthly,99
567,935,2025-02-07,yearly,999
568,937,2025-01-26,yearly,999
569,938,2025-01-12,yearly,999
570,939,2025-01-18,monthly,99
571,940,2025-02-24,monthly,99
572,942,2025-02-15,yearly,999
573,943,2025-01-31,yearly,999
574,945,2025-01-24,yearly,999
575,947,2025-03-11,yearly,999
576,949,2025-01-28,yearly,999
577,950,2025-02-15,monthly,99
578,952,2025-01-22,yearly,999
579,953,2025-03-07,yearly,999
580,954,2025-02-07,monthly,99
581,956,2025-01-31,monthly,99
582,957,2025-02-01,yearly,999
583,959,2025-01-24,yearly,999
584,961,2025-02-09,monthly,99
585,962,2025-03-03,yearly,999
586,964,2025-01-21,yearly,999
587,967,2025-01-27,yearly,999
588,968,2025-01-30,monthly,99
589,970,2025-01-16,yearly,999
590,972,2025-02-25,yearly,999
591,973,2025-01-26,yearly,999
592,974,2025-02-28,yearly,999
593,977,2025-01-12,yearly,999
594,979,2025-02-21,monthly,99
595,982,2025-01-19,yearly,999
596,983,2025-01-28,yearly,999
597,984,2025-01-17,yearly,999
598,985,2025-01-19,yearly,999
599,987,2025-02-17,monthly,99
600,988,2025-02-24,monthly,99
601,989,2025-02-03,monthly,99
602,990,2025-01-26,yearly,999
603,991,2025-01-11,yearly,999
604,995,2025-01-25,yearly,999
605,996,2025-01-14,yearly,999
606,998,2025-03-11,monthly,99
607,1000,2025-02-09,monthly,99
608,1001,2025-01-28,yearly,999
609,1003,2025-02-01,yearly,999
610,1005,2025-01-15,yearly,999
611,1006,2025-01-19,monthly,99
612,1007,2025-02-20,yearly,999
613,1008,2025-03-08,monthly,99
614,1010,2025-03-07,monthly,99
615,1014,2025-02-28,monthly,99
616,1016,2025-02-26,monthly,99
617,1017,2025-02-03,yearly,999
618,1018,2025-02-14,yearly,999
619,1019,2025-03-07,yearly,999
620,1022,2025-02-21,monthly,99
621,1023,2025-02-10,yearly,999
622,1024,2025-02-16,yearly,999
623,1026,2025-02-16,yearly,999
624,1027,2025-01-15,monthly,99
625,1028,2025-02-08,yearly,999
626,1030,2025-02-06,monthly,99
627,1031,2025-01-30,monthly,99
628,1033,2025-01-13,yearly,999
629,1037,2025-01-13,yearly,999
630,1041,2025-02-17,yearly,999
631,1044,2025-02-20,monthly,99
632,1046,2025-01-15,yearly,999
633,1048,2025-02-13,monthly,99
634,1050,2025-01-16,yearly,999
635,1051,2025-02-22,yearly,999
636,1052,2025-02-15,monthly,99
637,1053,2025-02-11,yearly,999
638,1054,2025-02-08,yearly,999
639,1056,2025-03-09,monthly,99
640,1057,2025-02-24,monthly,99
641,1058,2025-01-29,yearly,999
642,1063,2025-02-26,monthly,99
643,1067,2025-03-10,monthly,99
644,1068,2025-01-12,yearly,999
645,1070,2025-03-02,monthly,99
646,1071,2025-01-13,yearly,999
647,1073,2025-02-12,yearly,999
648,1076,2025-01-24,yearly,999
649,1077,2025-01-26,yearly,999
650,1079,2025-03-04,yearly,999
651,1080,2025-01-16,yearly,999
652,1081,2025-03-08,monthly,99
653,1082,2025-02-09,yearly,999
654,1083,2025-02-18,yearly,999
655,1085,2025-03-11,yearly,999
656,1087,2025-02-19,monthly,99
657,1090,2025-02-18,monthly,99
658,1092,2025-03-03,monthly,99
659,1093,2025-02-11,yearly,999
660,1099,2025-02-06,yearly,999
661,1100,2025-02-23,monthly,99
662,1101,2025-01-24,yearly,999
663,1102,2025-03-07,monthly,99
664,1104,2025-03-06,monthly,99
665,1105,2025-01-25,monthly,99
666,1107,2025-01-27,yearly,999
667,1108,2025-02-03,monthly,99
668,1109,2025-02-13,monthly,99
669,1110,2025-01-24,yearly,999
670,1112,2025-03-10,yearly,999
671,1113,2025-01-19,yearly,999
672,1115,2025-01-14,monthly,99
673,1116,2025-02-26,monthly,99
674,1117,2025-01-13,yearly,999
675,1118,2025-02-09,yearly,999
676,1119,2025-02-23,monthly,99
677,1120,2025-02-11,yearly,999
678,1122,2025-01-12,monthly,99
679,1123,2025-02-19,yearly,999
680,1125,2025-03-09,monthly,99
681,1127,2025-01-27,yearly,999
682,1129,2025-02-11,yearly,999
683,1133,2025-01-23,monthly,99
684,1134,2025-03-04,yearly,999
685,1135,2025-03-02,monthly,99
686,1136,2025-02-12,yearly,999
687,1137,2025-02-19,yearly,999
688,1138,2025-03-07,yearly,999
689,1141,2025-02-17,yearly,999
690,1143,2025-01-19,yearly,999
691,1145,2025-02-11,monthly,99
692,1146,2025-02-06,yearly,999
693,1148,2025-03-06,monthly,99
694,1151,2025-02-02,yearly,999
695,1154,2025-01-26,yearly,999
696,1156,2025-01-17,monthly,99
697,1157,2025-01-26,yearly,999
698,1160,2025-01-25,yearly,999
699,1162,2025-01-21,yearly,999
700,1165,2025-03-01,yearly,999
701,1166,2025-01-17,monthly,99
702,1170,2025-02-22,yearly,999
703,1171,2025-01-14,monthly,99
704,1173,2025-01-11,yearly,999
705,1174,2025-02-18,monthly,99
706,1176,2025-02-09,monthly,99
707,1177,2025-01-24,yearly,999
708,1178,2025-03-10,yearly,999
709,1179,2025-03-02,yearly,999
710,1181,2025-01-18,monthly,99
711,1182,2025-01-26,monthly,99
712,1184,2025-01-16,monthly,99
713,1185,2025-01-21,yearly,999
714,1187,2025-03-09,monthly,99
715,1188,2025-01-30,monthly,99
716,1191,2025-03-09,monthly,99
717,1192,2025-01-17,monthly,99
718,1193,2025-02-06,monthly,99
719,1194,2025-01-24,yearly,999
720,1195,2025-03-08,yearly,999
721,1196,2025-03-11,yearly,999
722,1199,2025-02-20,monthly,99
723,1200,2025-01-20,monthly,99
724,1201,2025-02-14,monthly,99
725,1203,2025-03-01,yearly,999
726,1204,2025-01-25,yearly,999
727,1205,2025-02-07,monthly,99
728,1207,2025-03-07,yearly,999
729,1210,2025-02-03,yearly,999
730,1211,2025-02-25,yearly,999
731,1214,2025-01-12,yearly,999
732,1216,2025-02-04,monthly,99
733,1217,2025-03-03,yearly,999
734,1218,2025-02-27,yearly,999
735,1219,2025-02-05,yearly,999
736,1220,2025-02-22,monthly,99
737,1223,2025-01-17,yearly,999
738,1225,2025-02-14,monthly,99
739,1228,2025-02-24,yearly,999
740,1230,2025-02-21,monthly,99
741,1232,2025-02-06,yearly,999
742,1234,2025-01-24,monthly,99
743,1237,2025-03-01,monthly,99
744,1238,2025-01-24,monthly,99
745,1240,2025-02-05,monthly,99
746,1245,2025-03-07,yearly,999
747,1246,2025-02-22,yearly,999
748,1249,2025-02-15,monthly,99
749,1250,2025-03-11,monthly,99
750,1251,2025-02-24,yearly,999
751,1252,2025-03-09,monthly,99
752,1253,2025-01-20,monthly,99
753,1256,2025-01-12,monthly,99
754,1257,2025-03-02,yearly,999
755,1258,2025-01-13,yearly,999
756,1259,2025-02-03,yearly,999
757,1260,2025-01-28,monthly,99
758,1262,2025-01-23,yearly,999
759,1263,2025-02-16,monthly,99
760,1264,2025-01-28,monthly,99
761,1265,2025-02-12,monthly,99
762,1266,2025-02-09,monthly,99
763,1267,2025-02-15,monthly,99
764,1269,2025-02-04,yearly,999
765,1272,2025-02-11,yearly,999
766,1273,2025-02-13,yearly,999
767,1277,2025-01-18,yearly,999
768,1279,2025-01-23,yearly,999
769,1280,2025-03-09,monthly,99
770,1281,2025-02-15,monthly,99
771,1282,2025-01-25,monthly,99
772,1283,2025-01-20,yearly,999
773,1286,2025-02-12,monthly,99
774,1291,2025-02-27,yearly,999
775,1295,2025-02-28,monthly,99
776,1297,2025-03-03,monthly,99
777,1300,2025-01-27,yearly,999
778,1302,2025-03-09,yearly,999
779,1305,2025-02-08,monthly,99
780,1307,2025-01-31,yearly,999
781,1309,2025-02-27,yearly,999
782,1311,2025-01-29,monthly,99
783,1312,2025-02-13,monthly,99
784,1314,2025-01-26,monthly,99
785,1315,2025-02-22,yearly,999
786,1316,2025-02-24,yearly,999
787,1318,2025-03-09,monthly,99
788,1319,2025-02-18,monthly,99
789,1322,2025-02-16,monthly,99
790,1326,2025-02-16,monthly,99
791,1328,2025-01-23,monthly,99
792,1330,2025-02-26,monthly,99
793,1332,2025-01-26,monthly,99
794,1333,2025-03-10,yearly,999
795,1336,2025-03-06,yearly,999
796,1337,2025-01-24,monthly,99
797,1338,2025-03-04,monthly,99
798,1341,2025-01-27,yearly,999
799,1342,2025-02-07,yearly,999
800,1343,2025-02-04,yearly,999
801,1345,2025-01-29,monthly,99
802,1346,2025-01-11,monthly,99
803,1348,2025-02-26,monthly,99
804,1349,2025-03-04,yearly,999
805,1350,2025-01-23,yearly,999
806,1351,2025-01-18,yearly,999
807,1352,2025-02-09,yearly,999
808,1353,2025-02-25,monthly,99
809,1354,2025-01-19,monthly,99
810,1357,2025-02-27,yearly,999
811,1358,2025-02-01,monthly,99
812,1360,2025-03-08,monthly,99
813,1361,2025-02-26,yearly,999
814,1362,2025-02-26,yearly,999
815,1364,2025-01-29,monthly,99
816,1365,2025-02-09,yearly,999
817,1366,2025-01-13,yearly,999
818,1368,2025-03-06,yearly,999
819,1369,2025-01-21,monthly,99
820,1370,2025-01-22,yearly,999
821,1371,2025-03-02,yearly,999
822,1372,2025-01-29,yearly,999
823,1373,2025-02-23,monthly,99
824,1378,2025-01-17,monthly,99
825,1379,2025-02-11,monthly,99
826,1380,2025-02-26,yearly,999
827,1382,2025-01-27,monthly,99
828,1384,2025-01-25,monthly,99
829,1385,2025-02-23,yearly,999
830,1386,2025-02-22,monthly,99
831,1389,2025-01-16,monthly,99
832,1392,2025-02-23,monthly,99
833,1397,2025-02-08,monthly,99
834,1398,2025-01-31,monthly,99
835,1400,2025-02-18,yearly,999
836,1402,2025-03-05,yearly,999
837,1404,2025-03-10,yearly,999
838,1405,2025-02-08,yearly,999
839,1408,2025-03-05,monthly,99
840,1411,2025-03-02,monthly,99
841,1413,2025-03-10,monthly,99
842,1414,2025-02-28,monthly,99
843,1416,2025-02-20,yearly,999
844,1417,2025-02-25,monthly,99
845,1418,2025-02-04,monthly,99
846,1421,2025-02-25,monthly,99
847,1422,2025-02-16,yearly,999
848,1424,2025-02-12,monthly,99
849,1425,2025-02-27,yearly,999
850,1427,2025-03-08,yearly,999
851,1429,2025-01-14,yearly,999
852,1431,2025-01-22,yearly,999
853,1432,2025-01-23,monthly,99
854,1433,2025-02-18,monthly,99
855,1434,2025-02-26,monthly,99
856,1437,2025-02-28,yearly,999
857,1441,2025-01-30,monthly,99
858,1443,2025-03-09,monthly,99
859,1446,2025-01-28,monthly,99
860,1447,2025-03-07,yearly,999
861,1448,2025-01-28,yearly,999
862,1449,2025-01-24,monthly,99
863,1451,2025-01-27,monthly,99
864,1453,2025-01-31,monthly,99
865,1454,2025-02-05,yearly,999
866,1455,2025-02-15,yearly,999
867,1457,2025-03-02,monthly,99
868,1458,2025-03-05,monthly,99
869,1459,2025-03-11,monthly,99
870,1460,2025-03-11,yearly,999
871,1461,2025-02-05,yearly,999
872,1462,2025-02-07,yearly,999
873,1464,2025-02-13,monthly,99
874,1465,2025-02-04,yearly,999
875,1467,2025-02-28,yearly,999
876,1469,2025-01-18,monthly,99
877,1470,2025-01-15,monthly,99
878,1472,2025-02-07,monthly,99
879,1474,2025-02-13,monthly,99
880,1476,2025-02-05,monthly,99
881,1477,2025-02-07,yearly,999
882,1482,2025-02-15,yearly,999
883,1484,2025-03-08,yearly,999
884,1487,2025-02-06,monthly,99
885,1488,2025-01-27,yearly,999
886,1489,2025-03-01,monthly,99
887,1490,2025-03-10,yearly,999
888,1491,2025-03-03,yearly,999
889,1493,2025-01-30,monthly,99
890,1495,2025-03-03,yearly,999
891,1497,2025-01-24,yearly,999
892,1498,2025-01-31,monthly,99
893,1499,2025-02-11,monthly,99
894,1500,2025-02-02,yearly,999
895,1502,2025-02-16,yearly,999
896,1503,2025-02-18,yearly,999
897,1504,2025-01-18,yearly,999
898,1509,2025-01-29,monthly,99
899,1512,2025-02-08,monthly,99
900,1514,2025-01-15,monthly,99
901,1515,2025-02-28,monthly,99
902,1518,2025-02-11,monthly,99
903,1519,2025-01-30,monthly,99
904,1520,2025-01-29,yearly,999
905,1521,2025-02-03,monthly,99
906,1522,2025-02-11,monthly,99
907,1523,2025-02-04,yearly,999
908,1525,2025-02-06,yearly,999
909,1527,2025-01-22,yearly,999
910,1528,2025-03-10,yearly,999
911,1530,2025-01-21,monthly,99
912,1531,2025-01-23,yearly,999
913,1532,2025-01-13,yearly,999
914,1533,2025-01-23,monthly,99
915,1534,2025-01-31,yearly,999
916,1536,2025-01-14,yearly,999
917,1540,2025-03-07,monthly,99
918,1541,2025-03-06,yearly,999
919,1542,2025-02-09,yearly,999
920,1544,2025-03-02,yearly,999
921,1545,2025-02-27,yearly,999
922,1546,2025-02-08,yearly,999
923,1547,2025-02-18,monthly,99
924,1548,2025-02-08,yearly,999
925,1549,2025-02-21,monthly,99
926,1552,2025-01-23,yearly,999
927,1554,2025-02-08,yearly,999
928,1555,2025-02-19,yearly,999
929,1556,2025-02-22,yearly,999
930,1558,2025-02-23,yearly,999
931,1561,2025-02-26,monthly,99
932,1562,2025-01-22,yearly,999
933,1563,2025-03-11,monthly,99
934,1564,2025-02-06,monthly,99
935,1567,2025-02-28,yearly,999
936,1572,2025-03-02,yearly,999
937,1573,2025-03-06,monthly,99
938,1574,2025-02-11,monthly,99
939,1575,2025-01-12,yearly,999
940,1577,2025-01-18,monthly,99
941,1579,2025-02-07,yearly,999
942,1581,2025-02-11,monthly,99
943,1582,2025-03-02,monthly,99
944,1583,2025-02-01,yearly,999
945,1584,2025-01-28,monthly,99
946,1585,2025-03-01,yearly,999
947,1588,2025-01-17,monthly,99
948,1589,2025-02-13,monthly,99
949,1591,2025-02-25,monthly,99
950,1592,2025-01-28,monthly,99
951,1593,2025-01-29,yearly,999
952,1596,2025-02-17,yearly,999
953,1597,2025-01-27,yearly,999
954,1598,2025-01-29,yearly,999
955,1600,2025-03-07,monthly,99
956,1603,2025-01-25,yearly,999
957,1604,2025-03-05,monthly,99
958,1606,2025-02-12,monthly,99
959,1607,2025-01-11,monthly,99
960,1610,2025-02-13,yearly,999
961,1613,2025-01-13,yearly,999
962,1614,2025-01-16,yearly,999
963,1615,2025-03-04,monthly,99
964,1617,2025-03-06,yearly,999
965,1618,2025-01-31,yearly,999
966,1620,2025-01-15,monthly,99
967,1622,2025-02-06,monthly,99
968,1623,2025-02-20,monthly,99
969,1625,2025-01-18,monthly,99
970,1626,2025-01-26,monthly,99
971,1627,2025-01-25,yearly,999
972,1628,2025-01-20,monthly,99
973,1629,2025-01-14,monthly,99
974,1630,2025-02-25,monthly,99
975,1631,2025-02-26,monthly,99
976,1632,2025-01-28,yearly,999
977,1633,2025-01-24,monthly,99
978,1634,2025-02-28,monthly,99
979,1635,2025-02-19,monthly,99
980,1636,2025-01-17,monthly,99
981,1638,2025-01-15,monthly,99
982,1639,2025-01-15,monthly,99
983,1640,2025-01-17,yearly,999
984,1641,2025-01-19,yearly,999
985,1645,2025-01-30,monthly,99
986,1646,2025-02-01,monthly,99
987,1648,2025-02-06,monthly,99
988,1649,2025-02-24,yearly,999
989,1651,2025-01-13,monthly,99
990,1653,2025-02-28,monthly,99
991,1654,2025-02-20,monthly,99
992,1655,2025-03-06,monthly,99
993,1657,2025-02-07,monthly,99
994,1659,2025-02-11,yearly,999
995,1661,2025-02-15,yearly,999
996,1662,2025-01-15,monthly,99
997,1663,2025-03-09,yearly,999
998,1665,2025-01-22,yearly,999
999,1666,2025-03-01,yearly,999
1000,1667,2025-03-10,monthly,99
1001,1668,2025-02-09,yearly,999
1002,1669,2025-01-12,yearly,999
1003,1670,2025-01-17,yearly,999
1004,1671,2025-02-10,monthly,99
1005,1672,2025-01-15,yearly,999
1006,1673,2025-02-04,monthly,99
1007,1674,2025-03-11,monthly,99
1008,1675,2025-03-04,yearly,999
1009,1677,2025-02-26,monthly,99
1010,1679,2025-02-25,monthly,99
1011,1680,2025-01-27,monthly,99
1012,1685,2025-03-08,monthly,99
1013,1686,2025-02-09,yearly,999
1014,1688,2025-02-09,yearly,999
1015,1690,2025-02-06,yearly,999
1016,1692,2025-03-06,monthly,99
1017,1694,2025-02-22,yearly,999
1018,1695,2025-02-06,yearly,999
1019,1699,2025-02-08,yearly,999
1020,1703,2025-02-01,yearly,999
1021,1704,2025-02-26,monthly,99
1022,1707,2025-02-11,monthly,99
1023,1708,2025-03-06,monthly,99
1024,1709,2025-03-11,monthly,99
1025,1714,2025-02-21,yearly,999
1026,1716,2025-01-22,monthly,99
1027,1717,2025-02-12,yearly,999
1028,1718,2025-01-15,monthly,99
1029,1721,2025-01-29,yearly,999
1030,1722,2025-02-13,yearly,999
1031,1724,2025-02-28,yearly,999
1032,1725,2025-02-07,yearly,999
1033,1727,2025-02-14,yearly,999
1034,1729,2025-01-24,yearly,999
1035,1730,2025-01-16,monthly,99
1036,1732,2025-02-26,monthly,99
1037,1733,2025-01-28,yearly,999
1038,1734,2025-01-31,yearly,999
1039,1735,2025-02-20,yearly,999
1040,1737,2025-02-27,monthly,99
1041,1738,2025-01-15,yearly,999
1042,1739,2025-02-12,monthly,99
1043,1745,2025-01-16,monthly,99
1044,1747,2025-02-02,yearly,999
1045,1750,2025-01-11,monthly,99
1046,1752,2025-02-09,yearly,999
1047,1754,2025-01-30,yearly,999
1048,1756,2025-01-17,yearly,999
1049,1759,2025-01-23,yearly,999
1050,1760,2025-01-11,yearly,999
1051,1761,2025-03-03,yearly,999
1052,1762,2025-01-24,yearly,999
1053,1763,2025-02-24,monthly,99
1054,1764,2025-03-06,yearly,999
1055,1766,2025-01-12,monthly,99
1056,1767,2025-01-28,monthly,99
1057,1768,2025-02-10,monthly,99
1058,1769,2025-03-11,yearly,999
1059,1770,2025-03-07,monthly,99
1060,1771,2025-03-07,monthly,99
1061,1775,2025-01-28,yearly,999
1062,1776,2025-03-07,yearly,999
1063,1778,2025-02-28,monthly,99
1064,1780,2025-03-04,monthly,99
1065,1781,2025-02-25,yearly,999
1066,1784,2025-02-02,yearly,999
1067,1785,2025-01-20,yearly,999
1068,1787,2025-01-26,yearly,999
1069,1788,2025-01-18,yearly,999
1070,1789,2025-02-02,yearly,999
1071,1791,2025-01-11,yearly,999
1072,1792,2025-02-05,yearly,999
1073,1794,2025-01-13,yearly,999
1074,1797,2025-03-01,yearly,999
1075,1798,2025-01-29,monthly,99
1076,1800,2025-02-28,yearly,999
1077,1801,2025-03-08,monthly,99
1078,1803,2025-02-27,monthly,99
1079,1808,2025-01-30,yearly,999
1080,1810,2025-02-15,yearly,999
1081,1812,2025-02-28,monthly,99
1082,1813,2025-01-26,monthly,99
1083,1817,2025-01-17,yearly,999
1084,1818,2025-01-23,yearly,999
1085,1819,2025-01-31,yearly,999
1086,1820,2025-01-22,yearly,999
1087,1821,2025-02-06,monthly,99
1088,1822,2025-03-01,yearly,999
1089,1827,2025-02-23,yearly,999
1090,1828,2025-01-26,monthly,99
1091,1829,2025-01-17,yearly,999
1092,1830,2025-01-29,yearly,999
1093,1833,2025-03-08,monthly,99
1094,1835,2025-03-08,yearly,999
1095,1837,2025-02-10,monthly,99
1096,1838,2025-02-24,yearly,999
1097,1839,2025-02-16,yearly,999
1098,1844,2025-01-25,yearly,999
1099,1845,2025-01-31,monthly,99
1100,1846,2025-02-13,yearly,999
1101,1847,2025-02-20,monthly,99
1102,1848,2025-01-29,monthly,99
1103,1849,2025-02-11,monthly,99
1104,1850,2025-01-21,monthly,99
1105,1851,2025-03-02,monthly,99
1106,1854,2025-01-12,yearly,999
1107,1855,2025-03-01,monthly,99
1108,1858,2025-02-12,monthly,99
1109,1861,2025-01-30,monthly,99
1110,1864,2025-02-21,yearly,999
1111,1865,2025-02-19,yearly,999
1112,1867,2025-03-07,monthly,99
1113,1868,2025-03-09,yearly,999
1114,1869,2025-02-08,monthly,99
1115,1870,2025-03-01,monthly,99
1116,1871,2025-02-05,yearly,999
1117,1873,2025-01-20,yearly,999
1118,1877,2025-01-12,yearly,999
1119,1878,2025-02-05,monthly,99
1120,1881,2025-01-31,yearly,999
1121,1884,2025-03-09,yearly,999
1122,1885,2025-02-28,monthly,99
1123,1886,2025-02-17,yearly,999
1124,1887,2025-01-15,monthly,99
1125,1888,2025-01-28,monthly,99
1126,1889,2025-02-10,yearly,999
1127,1890,2025-02-05,yearly,999
1128,1891,2025-02-10,monthly,99
1129,1893,2025-01-22,yearly,999
1130,1895,2025-02-06,monthly,99
1131,1896,2025-01-11,monthly,99
1132,1897,2025-01-13,yearly,999
1133,1898,2025-01-21,monthly,99
1134,1901,2025-02-08,monthly,99
1135,1902,2025-01-14,yearly,999
1136,1907,2025-02-19,monthly,99
1137,1908,2025-01-14,yearly,999
1138,1909,2025-02-03,yearly,999
1139,1910,2025-02-26,monthly,99
1140,1912,2025-03-02,monthly,99
1141,1914,2025-02-21,monthly,99
1142,1915,2025-02-02,monthly,99
1143,1916,2025-01-19,monthly,99
1144,1918,2025-01-18,monthly,99
1145,1919,2025-03-09,monthly,99
1146,1920,2025-02-06,monthly,99
1147,1921,2025-02-21,monthly,99
1148,1924,2025-02-23,monthly,99
1149,1926,2025-01-19,yearly,999
1150,1927,2025-02-11,monthly,99
1151,1928,2025-01-16,yearly,999
1152,1931,2025-03-01,monthly,99
1153,1933,2025-02-20,monthly,99
1154,1935,2025-02-02,yearly,999
1155,1939,2025-01-23,monthly,99
1156,1941,2025-03-10,yearly,999
1157,1943,2025-01-14,monthly,99
1158,1945,2025-01-28,monthly,99
1159,1948,2025-01-29,yearly,999
1160,1950,2025-02-05,yearly,999
1161,1954,2025-02-16,monthly,99
1162,1958,2025-01-30,yearly,999
1163,1959,2025-01-27,monthly,99
1164,1960,2025-02-06,monthly,99
1165,1961,2025-02-01,yearly,999
1166,1962,2025-01-11,monthly,99
1167,1964,2025-03-04,monthly,99
1168,1965,2025-01-27,monthly,99
1169,1969,2025-02-02,monthly,99
1170,1971,2025-01-16,monthly,99
1171,1972,2025-01-27,monthly,99
1172,1974,2025-02-27,monthly,99
1173,1976,2025-01-11,monthly,99
1174,1977,2025-01-25,yearly,999
1175,1978,2025-02-22,yearly,999
1176,1980,2025-02-19,yearly,999
1177,1981,2025-02-21,yearly,999
1178,1982,2025-02-13,monthly,99
1179,1984,2025-02-15,yearly,999
1180,1985,2025-01-24,yearly,999
1181,1986,2025-02-08,monthly,99
1182,1988,2025-02-18,yearly,999
1183,1990,2025-02-09,monthly,99
1184,1991,2025-02-08,monthly,99
1185,1992,2025-03-08,monthly,99
1186,1994,2025-02-08,monthly,99
1187,1995,2025-02-13,yearly,999
1188,1996,2025-02-07,monthly,99
1189,1998,2025-02-03,monthly,99
1190,1999,2025-01-23,yearly,999
1191,2000,2025-02-24,yearly,999
1192,2003,2025-03-11,monthly,99
1193,2005,2025-03-07,yearly,999
1194,2006,2025-01-29,yearly,999
1195,2007,2025-03-07,monthly,99
1196,2011,2025-02-18,yearly,999
1197,2012,2025-02-16,monthly,99
1198,2013,2025-02-25,monthly,99
1199,2014,2025-01-15,yearly,999
1200,2016,2025-03-07,yearly,999
1201,2017,2025-03-07,monthly,99
1202,2021,2025-01-22,yearly,999
1203,2023,2025-01-17,yearly,999
1204,2026,2025-03-07,yearly,999
1205,2027,2025-02-02,monthly,99
1206,2028,2025-03-06,yearly,999
1207,2030,2025-02-12,yearly,999
1208,2033,2025-02-10,monthly,99
1209,2034,2025-02-18,yearly,999
1210,2035,2025-01-14,yearly,999
1211,2036,2025-01-12,yearly,999
1212,2037,2025-01-31,yearly,999
1213,2039,2025-01-13,monthly,99
1214,2042,2025-01-29,yearly,999
1215,2044,2025-01-11,monthly,99
1216,2046,2025-02-23,yearly,999
1217,2047,2025-02-03,yearly,999
1218,2050,2025-02-11,yearly,999
1219,2051,2025-03-10,monthly,99
1220,2052,2025-03-10,yearly,999
1221,2053,2025-02-06,monthly,99
1222,2056,2025-02-25,yearly,999
1223,2057,2025-02-24,yearly,999
1224,2059,2025-01-13,monthly,99
1225,2060,2025-02-04,yearly,999
1226,2063,2025-03-02,yearly,999
1227,2064,2025-02-28,monthly,99
1228,2065,2025-01-16,yearly,999
1229,2066,2025-02-21,monthly,99
1230,2068,2025-02-13,monthly,99
1231,2070,2025-02-26,yearly,999
1232,2072,2025-01-12,yearly,999
1233,2076,2025-01-28,yearly,999
1234,2077,2025-02-25,monthly,99
1235,2080,2025-02-05,yearly,999
1236,2082,2025-03-03,yearly,999
1237,2083,2025-01-26,yearly,999
1238,2084,2025-02-04,yearly,999
1239,2085,2025-02-19,yearly,999
1240,2086,2025-03-06,monthly,99
1241,2087,2025-01-14,monthly,99
1242,2088,2025-01-24,yearly,999
1243,2090,2025-01-14,monthly,99
1244,2091,2025-01-13,monthly,99
1245,2093,2025-03-08,yearly,999
1246,2094,2025-02-18,yearly,999
1247,2099,2025-02-23,yearly,999
1248,2100,2025-01-15,monthly,99
1249,2102,2025-01-12,yearly,999
1250,2103,2025-03-02,yearly,999
1251,2105,2025-01-13,yearly,999
1252,2106,2025-01-28,yearly,999
1253,2107,2025-01-13,yearly,999
1254,2108,2025-02-23,yearly,999
1255,2109,2025-01-13,monthly,99
1256,2110,2025-02-04,yearly,999
1257,2112,2025-03-10,monthly,99
1258,2113,2025-01-18,monthly,99
1259,2114,2025-02-17,monthly,99
1260,2115,2025-03-11,yearly,999
1261,2116,2025-02-11,yearly,999
1262,2117,2025-02-06,yearly,999
1263,2122,2025-01-16,monthly,99
1264,2125,2025-02-06,yearly,999
1265,2131,2025-01-14,yearly,999
1266,2133,2025-01-20,yearly,999
1267,2135,2025-01-30,yearly,999
1268,2142,2025-01-27,monthly,99
1269,2144,2025-01-23,yearly,999
1270,2147,2025-01-18,yearly,999
1271,2148,2025-02-14,yearly,999
1272,2149,2025-02-07,monthly,99
1273,2150,2025-02-09,monthly,99
1274,2151,2025-02-17,yearly,999
1275,2153,2025-03-10,monthly,99
1276,2154,2025-03-10,yearly,999
1277,2155,2025-02-25,monthly,99
1278,2160,2025-02-18,monthly,99
1279,2161,2025-02-24,yearly,999
1280,2164,2025-02-25,yearly,999
1281,2165,2025-01-19,yearly,999
1282,2167,2025-01-29,monthly,99
1283,2169,2025-02-24,monthly,99
1284,2170,2025-01-30,monthly,99
1285,2172,2025-01-18,yearly,999
1286,2173,2025-02-24,yearly,999
1287,2174,2025-01-26,monthly,99
1288,2175,2025-01-31,monthly,99
1289,2177,2025-02-09,yearly,999
1290,2180,2025-03-09,yearly,999
1291,2185,2025-03-04,yearly,999
1292,2186,2025-01-11,monthly,99
1293,2189,2025-02-08,yearly,999
1294,2190,2025-02-10,monthly,99
1295,2191,2025-02-22,monthly,99
1296,2192,2025-02-13,yearly,999
1297,2194,2025-03-09,monthly,99
1298,2195,2025-02-10,monthly,99
1299,2196,2025-02-26,yearly,999
1300,2197,2025-02-21,yearly,999
1301,2198,2025-01-29,yearly,999
1302,2200,2025-01-23,yearly,999
1303,2202,2025-02-19,yearly,999
1304,2204,2025-02-03,yearly,999
1305,2209,2025-02-27,yearly,999
1306,2210,2025-02-09,monthly,99
1307,2211,2025-02-14,monthly,99
1308,2212,2025-01-23,yearly,999
1309,2213,2025-03-06,monthly,99
1310,2215,2025-01-13,yearly,999
1311,2216,2025-02-19,yearly,999
1312,2217,2025-02-20,yearly,999
1313,2220,2025-02-16,monthly,99
1314,2221,2025-03-08,yearly,999
1315,2222,2025-02-19,yearly,999
1316,2224,2025-01-21,yearly,999
1317,2226,2025-03-04,yearly,999
1318,2228,2025-01-26,monthly,99
1319,2231,2025-01-28,monthly,99
1320,2232,2025-01-31,monthly,99
1321,2234,2025-02-11,yearly,999
1322,2235,2025-03-06,monthly,99
1323,2236,2025-03-01,monthly,99
1324,2237,2025-02-08,yearly,999
1325,2238,2025-02-14,monthly,99
1326,2239,2025-01-20,monthly,99
1327,2241,2025-02-08,monthly,99
1328,2242,2025-02-26,monthly,99
1329,2245,2025-03-11,monthly,99
1330,2246,2025-02-13,monthly,99
1331,2247,2025-01-19,yearly,999
1332,2248,2025-02-26,yearly,999
1333,2250,2025-02-21,yearly,999
1334,2254,2025-01-31,monthly,99
1335,2255,2025-01-29,yearly,999
1336,2256,2025-01-12,yearly,999
1337,2257,2025-01-13,yearly,999
1338,2259,2025-01-12,yearly,999
1339,2260,2025-01-28,yearly,999
1340,2264,2025-02-27,monthly,99
1341,2265,2025-02-25,monthly,99
1342,2266,2025-02-06,monthly,99
1343,2269,2025-02-28,yearly,999
1344,2270,2025-02-01,yearly,999
1345,2271,2025-01-24,yearly,999
1346,2274,2025-02-22,yearly,999
1347,2275,2025-01-27,yearly,999
1348,2277,2025-02-04,yearly,999
1349,2278,2025-03-04,monthly,99
1350,2280,2025-03-02,monthly,99
1351,2281,2025-01-11,monthly,99
1352,2282,2025-02-10,yearly,999
1353,2284,2025-02-02,yearly,999
1354,2285,2025-02-05,monthly,99
1355,2286,2025-02-07,monthly,99
1356,2287,2025-03-10,yearly,999
1357,2288,2025-01-26,yearly,999
1358,2292,2025-03-02,yearly,999
1359,2294,2025-02-03,monthly,99
1360,2296,2025-02-18,monthly,99
1361,2298,2025-02-26,yearly,999
1362,2299,2025-02-17,monthly,99
1363,2301,2025-02-22,yearly,999
1364,2302,2025-01-20,monthly,99
1365,2304,2025-02-26,monthly,99
1366,2306,2025-02-12,yearly,999
1367,2308,2025-01-22,monthly,99
1368,2309,2025-01-26,monthly,99
1369,2310,2025-01-29,yearly,999
1370,2312,2025-01-19,yearly,999
1371,2313,2025-02-25,monthly,99
1372,2317,2025-03-10,monthly,99
1373,2318,2025-01-12,yearly,999
1374,2319,2025-02-08,monthly,99
1375,2321,2025-01-21,yearly,999
1376,2322,2025-01-15,monthly,99
1377,2326,2025-02-27,yearly,999
1378,2327,2025-01-16,monthly,99
1379,2329,2025-02-13,monthly,99
1380,2330,2025-02-01,yearly,999
1381,2332,2025-01-17,yearly,999
1382,2333,2025-02-12,yearly,999
1383,2334,2025-02-05,yearly,999
1384,2335,2025-01-28,monthly,99
1385,2336,2025-02-08,monthly,99
1386,2338,2025-02-03,yearly,999
1387,2339,2025-01-21,monthly,99
1388,2341,2025-02-27,yearly,999
1389,2343,2025-03-02,yearly,999
1390,2346,2025-02-20,monthly,99
1391,2348,2025-01-26,yearly,999
1392,2349,2025-01-12,yearly,999
1393,2352,2025-02-22,yearly,999
1394,2353,2025-01-30,monthly,99
1395,2355,2025-01-13,monthly,99
1396,2357,2025-02-22,yearly,999
1397,2358,2025-02-10,monthly,99
1398,2360,2025-02-14,monthly,99
1399,2361,2025-02-19,yearly,999
1400,2362,2025-02-16,monthly,99
1401,2363,2025-01-31,yearly,999
1402,2366,2025-02-12,monthly,99
1403,2373,2025-02-26,yearly,999
1404,2374,2025-01-21,yearly,999
1405,2376,2025-02-16,monthly,99
1406,2377,2025-01-12,monthly,99
1407,2379,2025-01-18,yearly,999
1408,2380,2025-01-19,monthly,99
1409,2381,2025-02-16,yearly,999
1410,2382,2025-02-12,monthly,99
1411,2383,2025-02-10,yearly,999
1412,2384,2025-01-24,monthly,99
1413,2386,2025-03-03,monthly,99
1414,2387,2025-03-04,yearly,999
1415,2388,2025-02-24,yearly,999
1416,2389,2025-02-05,monthly,99
1417,2390,2025-02-20,monthly,99
1418,2391,2025-01-19,monthly,99
1419,2392,2025-02-06,yearly,999
1420,2393,2025-02-07,yearly,999
1421,2395,2025-01-14,monthly,99
1422,2396,2025-03-04,yearly,999
1423,2397,2025-02-23,monthly,99
1424,2398,2025-02-11,monthly,99
1425,2399,2025-03-03,monthly,99
1426,2401,2025-02-22,monthly,99
1427,2402,2025-02-24,monthly,99
1428,2403,2025-03-01,yearly,999
1429,2404,2025-02-23,monthly,99
1430,2405,2025-01-19,yearly,999
1431,2407,2025-02-04,yearly,999
1432,2408,2025-01-28,monthly,99
1433,2409,2025-02-13,yearly,999
1434,2410,2025-02-07,monthly,99
1435,2411,2025-02-27,yearly,999
1436,2413,2025-01-22,yearly,999
1437,2415,2025-02-05,monthly,99
1438,2416,2025-03-05,monthly,99
1439,2417,2025-03-03,yearly,999
1440,2419,2025-03-01,yearly,999
1441,2420,2025-03-05,monthly,99
1442,2421,2025-01-27,yearly,999
1443,2423,2025-02-18,yearly,999
1444,2424,2025-02-08,yearly,999
1445,2426,2025-02-16,yearly,999
1446,2427,2025-02-12,monthly,99
1447,2428,2025-03-06,monthly,99
1448,2430,2025-01-16,monthly,99
1449,2432,2025-02-21,yearly,999
1450,2434,2025-02-21,monthly,99
1451,2437,2025-03-06,yearly,999
1452,2440,2025-01-17,monthly,99
1453,2441,2025-02-05,monthly,99
1454,2443,2025-03-09,yearly,999
1455,2444,2025-03-09,monthly,99
1456,2445,2025-02-24,monthly,99
1457,2446,2025-01-18,monthly,99
1458,2447,2025-03-10,monthly,99
1459,2448,2025-02-23,yearly,999
1460,2449,2025-02-26,yearly,999
1461,2451,2025-02-17,yearly,999
1462,2453,2025-02-18,yearly,999
1463,2455,2025-02-17,yearly,999
1464,2460,2025-02-14,yearly,999
1465,2461,2025-02-12,yearly,999
1466,2463,2025-02-28,yearly,999
1467,2464,2025-01-29,yearly,999
1468,2466,2025-03-02,yearly,999
1469,2468,2025-03-11,yearly,999
1470,2472,2025-02-10,yearly,999
1471,2473,2025-01-11,yearly,999
1472,2474,2025-03-04,monthly,99
1473,2475,2025-02-22,monthly,99
1474,2476,2025-02-16,yearly,999
1475,2477,2025-01-22,monthly,99
1476,2478,2025-02-18,yearly,999
1477,2480,2025-03-06,yearly,999
1478,2482,2025-01-19,monthly,99
1479,2484,2025-02-08,monthly,99
1480,2485,2025-01-28,yearly,999
1481,2486,2025-01-11,monthly,99
1482,2487,2025-02-17,monthly,99
1483,2488,2025-02-01,yearly,999
1484,2489,2025-03-03,monthly,99
1485,2490,2025-01-15,yearly,999
1486,2491,2025-03-06,yearly,999
1487,2492,2025-02-05,monthly,99
1488,2495,2025-03-03,monthly,99
1489,2497,2025-02-12,monthly,99
1490,2498,2025-03-05,yearly,999
1491,2499,2025-02-24,yearly,999
1492,2501,2025-02-10,monthly,99
1493,2502,2025-02-10,monthly,99
1494,2505,2025-03-01,yearly,999
1495,2507,2025-02-18,yearly,999
1496,2508,2025-02-26,monthly,99
1497,2509,2025-01-22,yearly,999
1498,2510,2025-01-24,yearly,999
1499,2511,2025-01-26,monthly,99
1500,2514,2025-02-17,yearly,999
1501,2516,2025-02-24,monthly,99
1502,2517,2025-02-22,yearly,999
1503,2518,2025-02-16,yearly,999
1504,2519,2025-03-08,monthly,99
1505,2520,2025-02-23,monthly,99
1506,2522,2025-02-06,monthly,99
1507,2524,2025-03-09,yearly,999
1508,2525,2025-02-27,yearly,999
1509,2527,2025-03-01,monthly,99
1510,2528,2025-01-16,monthly,99
1511,2529,2025-02-02,monthly,99
1512,2530,2025-02-02,yearly,999
1513,2531,2025-02-04,monthly,99
1514,2533,2025-02-15,monthly,99
1515,2534,2025-02-19,yearly,999
1516,2535,2025-01-14,monthly,99
1517,2536,2025-02-02,monthly,99
1518,2539,2025-01-29,monthly,99
1519,2540,2025-03-01,yearly,999
1520,2542,2025-03-11,monthly,99
1521,2543,2025-02-13,yearly,999
1522,2544,2025-01-26,monthly,99
1523,2545,2025-03-04,yearly,999
1524,2546,2025-01-19,yearly,999
1525,2549,2025-01-12,monthly,99
1526,2551,2025-03-08,monthly,99
1527,2552,2025-02-23,yearly,999
1528,2553,2025-01-13,yearly,999
1529,2554,2025-02-28,yearly,999
1530,2555,2025-01-21,yearly,999
1531,2556,2025-02-04,monthly,99
1532,2560,2025-01-25,monthly,99
1533,2562,2025-03-06,monthly,99
1534,2565,2025-02-24,monthly,99
1535,2566,2025-01-21,monthly,99
1536,2567,2025-03-05,yearly,999
1537,2568,2025-02-20,monthly,99
1538,2570,2025-02-17,yearly,999
1539,2571,2025-02-17,yearly,999
1540,2575,2025-02-03,yearly,999
1541,2578,2025-02-24,monthly,99
1542,2579,2025-02-19,yearly,999
1543,2580,2025-01-11,monthly,99
1544,2581,2025-01-20,monthly,99
1545,2584,2025-02-07,yearly,999
1546,2585,2025-01-18,yearly,999
1547,2587,2025-02-06,monthly,99
1548,2589,2025-02-02,yearly,999
1549,2591,2025-02-10,monthly,99
1550,2592,2025-02-07,monthly,99
1551,2596,2025-03-03,yearly,999
1552,2598,2025-01-13,yearly,999
1553,2601,2025-02-19,yearly,999
1554,2603,2025-01-19,yearly,999
1555,2605,2025-02-22,yearly,999
1556,2606,2025-01-13,yearly,999
1557,2608,2025-02-28,yearly,999
1558,2609,2025-01-13,monthly,99
1559,2613,2025-02-02,monthly,99
1560,2615,2025-02-27,monthly,99
1561,2616,2025-02-16,monthly,99
1562,2617,2025-02-15,monthly,99
1563,2618,2025-01-14,monthly,99
1564,2619,2025-02-07,monthly,99
1565,2620,2025-01-20,monthly,99
1566,2621,2025-01-28,yearly,999
1567,2622,2025-01-16,yearly,999
1568,2623,2025-02-19,yearly,999
1569,2624,2025-01-13,monthly,99
1570,2625,2025-03-11,yearly,999
1571,2626,2025-02-02,monthly,99
1572,2629,2025-02-19,monthly,99
1573,2630,2025-02-12,monthly,99
1574,2631,2025-02-04,monthly,99
1575,2633,2025-02-07,monthly,99
1576,2634,2025-01-21,monthly,99
1577,2635,2025-01-13,monthly,99
1578,2637,2025-03-06,yearly,999
1579,2638,2025-03-06,monthly,99
1580,2639,2025-03-02,monthly,99
1581,2640,2025-01-31,yearly,999
1582,2641,2025-01-25,monthly,99
1583,2642,2025-02-15,monthly,99
1584,2644,2025-01-14,monthly,99
1585,2646,2025-02-24,monthly,99
1586,2648,2025-02-21,monthly,99
1587,2650,2025-02-26,yearly,999
1588,2651,2025-03-09,yearly,999
1589,2652,2025-02-08,monthly,99
1590,2653,2025-01-16,yearly,999
1591,2654,2025-02-03,monthly,99
1592,2656,2025-03-08,yearly,999
1593,2657,2025-02-07,yearly,999
1594,2660,2025-01-27,monthly,99
1595,2662,2025-02-12,yearly,999
1596,2663,2025-02-02,yearly,999
1597,2664,2025-02-22,monthly,99
1598,2667,2025-01-15,monthly,99
1599,2668,2025-03-04,monthly,99
1600,2671,2025-01-30,monthly,99
1601,2672,2025-02-13,monthly,99
1602,2673,2025-01-28,yearly,999
1603,2675,2025-03-11,monthly,99
1604,2676,2025-03-09,monthly,99
1605,2677,2025-02-26,monthly,99
1606,2678,2025-02-17,monthly,99
1607,2679,2025-03-10,monthly,99
1608,2680,2025-01-11,yearly,999
1609,2681,2025-02-26,yearly,999
1610,2683,2025-01-29,yearly,999
1611,2685,2025-01-21,yearly,999
1612,2687,2025-01-27,monthly,99
1613,2688,2025-02-20,monthly,99
1614,2689,2025-02-02,monthly,99
1615,2690,2025-01-12,monthly,99
1616,2691,2025-03-02,monthly,99
1617,2692,2025-02-09,monthly,99
1618,2693,2025-01-31,monthly,99
1619,2695,2025-02-28,monthly,99
1620,2696,2025-02-04,yearly,999
1621,2697,2025-02-16,monthly,99
1622,2698,2025-02-16,yearly,999
1623,2699,2025-03-06,monthly,99
1624,2700,2025-01-23,monthly,99
1625,2701,2025-02-16,monthly,99
1626,2702,2025-02-05,monthly,99
1627,2704,2025-01-12,yearly,999
1628,2705,2025-03-02,yearly,999
1629,2706,2025-02-02,yearly,999
1630,2709,2025-01-21,yearly,999
1631,2710,2025-01-12,monthly,99
1632,2711,2025-01-16,yearly,999
1633,2712,2025-03-09,yearly,999
1634,2713,2025-02-27,yearly,999
1635,2715,2025-01-20,yearly,999
1636,2716,2025-03-05,yearly,999
1637,2718,2025-01-18,yearly,999
1638,2720,2025-02-28,yearly,999
1639,2722,2025-03-09,monthly,99
1640,2723,2025-01-23,monthly,99
1641,2724,2025-01-15,monthly,99
1642,2725,2025-02-02,monthly,99
1643,2727,2025-02-01,yearly,999
1644,2731,2025-02-09,monthly,99
1645,2733,2025-02-17,yearly,999
1646,2734,2025-02-13,monthly,99
1647,2736,2025-01-14,yearly,999
1648,2737,2025-01-20,monthly,99
1649,2738,2025-02-04,monthly,99
1650,2739,2025-02-22,monthly,99
1651,2742,2025-01-20,monthly,99
1652,2743,2025-03-10,yearly,999
1653,2744,2025-02-13,monthly,99
1654,2745,2025-02-19,yearly,999
1655,2746,2025-01-27,yearly,999
1656,2747,2025-02-08,yearly,999
1657,2749,2025-02-05,monthly,99
1658,2750,2025-01-11,monthly,99
1659,2751,2025-03-03,monthly,99
1660,2752,2025-02-16,yearly,999
1661,2754,2025-01-18,yearly,999
1662,2755,2025-02-04,yearly,999
1663,2756,2025-01-18,monthly,99
1664,2759,2025-01-24,monthly,99
1665,2761,2025-02-25,yearly,999
1666,2762,2025-03-08,yearly,999
1667,2763,2025-01-25,monthly,99
1668,2765,2025-03-05,yearly,999
1669,2767,2025-01-29,yearly,999
1670,2768,2025-02-20,monthly,99
1671,2770,2025-02-10,monthly,99
1672,2773,2025-02-26,monthly,99
1673,2775,2025-01-22,monthly,99
1674,2777,2025-01-30,monthly,99
1675,2778,2025-01-31,monthly,99
1676,2779,2025-01-23,monthly,99
1677,2780,2025-02-19,yearly,999
1678,2781,2025-02-10,yearly,999
1679,2782,2025-01-18,monthly,99
1680,2783,2025-03-06,yearly,999
1681,2784,2025-02-27,yearly,999
1682,2787,2025-01-27,yearly,999
1683,2788,2025-02-05,monthly,99
1684,2791,2025-03-09,yearly,999
1685,2793,2025-03-06,yearly,999
1686,2795,2025-02-25,yearly,999
1687,2797,2025-01-21,monthly,99
1688,2800,2025-02-21,monthly,99
1689,2801,2025-03-03,yearly,999
1690,2803,2025-01-18,monthly,99
1691,2804,2025-02-26,yearly,999
1692,2807,2025-01-14,yearly,999
1693,2808,2025-02-10,yearly,999
1694,2812,2025-02-08,monthly,99
1695,2814,2025-03-04,yearly,999
1696,2816,2025-03-11,yearly,999
1697,2817,2025-02-23,yearly,999
1698,2818,2025-01-14,monthly,99
1699,2819,2025-03-03,monthly,99
1700,2820,2025-03-07,yearly,999
1701,2822,2025-02-12,yearly,999
1702,2824,2025-01-25,monthly,99
1703,2826,2025-03-08,monthly,99
1704,2828,2025-02-02,monthly,99
1705,2832,2025-01-17,yearly,999
1706,2833,2025-01-11,monthly,99
1707,2834,2025-01-15,yearly,999
1708,2835,2025-02-25,yearly,999
1709,2836,2025-02-02,yearly,999
1710,2837,2025-02-27,monthly,99
1711,2838,2025-01-17,monthly,99
1712,2841,2025-03-05,yearly,999
1713,2842,2025-02-21,monthly,99
1714,2843,2025-02-22,yearly,999
1715,2844,2025-02-13,monthly,99
1716,2849,2025-01-17,yearly,999
1717,2852,2025-02-21,monthly,99
1718,2853,2025-03-07,yearly,999
1719,2854,2025-01-15,yearly,999
1720,2855,2025-01-24,yearly,999
1721,2856,2025-01-14,yearly,999
1722,2858,2025-01-11,yearly,999
1723,2859,2025-03-01,monthly,99
1724,2861,2025-01-16,yearly,999
1725,2862,2025-01-23,yearly,999
1726,2863,2025-01-22,yearly,999
1727,2865,2025-02-19,monthly,99
1728,2868,2025-02-23,yearly,999
1729,2870,2025-02-14,monthly,99
1730,2874,2025-01-12,yearly,999
1731,2875,2025-02-18,yearly,999
1732,2876,2025-03-08,yearly,999
1733,2878,2025-03-04,monthly,99
1734,2880,2025-02-19,monthly,99
1735,2881,2025-03-08,yearly,999
1736,2882,2025-02-11,yearly,999
1737,2886,2025-03-04,yearly,999
1738,2887,2025-01-13,yearly,999
1739,2888,2025-01-16,monthly,99
1740,2891,2025-03-04,monthly,99
1741,2892,2025-01-15,yearly,999
1742,2895,2025-03-05,yearly,999
1743,2898,2025-02-19,monthly,99
1744,2899,2025-01-17,yearly,999
1745,2900,2025-02-08,monthly,99
1746,2903,2025-02-19,yearly,999
1747,2904,2025-02-27,monthly,99
1748,2909,2025-01-15,yearly,999
1749,2911,2025-01-19,monthly,99
1750,2916,2025-02-15,monthly,99
1751,2918,2025-02-11,monthly,99
1752,2919,2025-01-17,monthly,99
1753,2920,2025-02-13,monthly,99
1754,2922,2025-01-15,monthly,99
1755,2923,2025-01-31,yearly,999
1756,2924,2025-02-22,monthly,99
1757,2925,2025-03-08,yearly,999
1758,2926,2025-01-30,monthly,99
1759,2927,2025-02-15,yearly,999
1760,2929,2025-01-11,monthly,99
1761,2931,2025-02-04,yearly,999
1762,2932,2025-02-05,yearly,999
1763,2936,2025-02-22,yearly,999
1764,2937,2025-01-18,yearly,999
1765,2938,2025-02-07,monthly,99
1766,2940,2025-02-25,yearly,999
1767,2941,2025-01-28,monthly,99
1768,2942,2025-01-23,monthly,99
1769,2945,2025-03-05,monthly,99
1770,2948,2025-02-22,yearly,999
1771,2949,2025-02-16,monthly,99
1772,2951,2025-02-07,monthly,99
1773,2954,2025-02-24,monthly,99
1774,2955,2025-03-01,yearly,999
1775,2958,2025-03-04,monthly,99
1776,2961,2025-02-05,yearly,999
1777,2962,2025-02-12,monthly,99
1778,2963,2025-01-14,yearly,999
1779,2964,2025-01-22,yearly,999
1780,2965,2025-01-18,yearly,999
1781,2966,2025-01-17,monthly,99
1782,2967,2025-02-12,yearly,999
1783,2972,2025-02-17,monthly,99
1784,2974,2025-03-08,yearly,999
1785,2975,2025-02-14,monthly,99
1786,2976,2025-02-20,yearly,999
1787,2977,2025-01-29,yearly,999
1788,2978,2025-01-30,monthly,99
1789,2979,2025-02-04,monthly,99
1790,2981,2025-03-08,yearly,999
1791,2983,2025-02-02,yearly,999
1792,2984,2025-01-20,monthly,99
1793,2985,2025-01-26,yearly,999
1794,2986,2025-03-11,monthly,99
1795,2987,2025-02-10,yearly,999
1796,2988,2025-02-17,monthly,99
1797,2990,2025-01-15,yearly,999
1798,2992,2025-02-03,yearly,999
1799,2993,2025-03-01,yearly,999
1800,2995,2025-02-15,yearly,999
1801,2999,2025-03-09,yearly,999
1802,3000,2025-01-18,monthly,99
1803,3001,2025-01-21,monthly,99
1804,3002,2025-02-09,yearly,999
1805,3003,2025-02-08,monthly,99
1806,3006,2025-03-11,monthly,99
1807,3010,2025-03-08,monthly,99
1808,3011,2025-03-08,yearly,999
1809,3012,2025-02-20,monthly,99
1810,3014,2025-02-01,yearly,999
1811,3016,2025-02-09,yearly,999
1812,3018,2025-01-30,monthly,99
1813,3019,2025-01-24,yearly,999
1814,3020,2025-03-04,yearly,999
1815,3021,2025-02-05,yearly,999
1816,3022,2025-02-19,monthly,99
1817,3023,2025-01-12,yearly,999
1818,3024,2025-02-22,yearly,999
1819,3025,2025-03-04,monthly,99
1820,3026,2025-02-12,monthly,99
1821,3027,2025-03-04,monthly,99
1822,3030,2025-01-15,monthly,99
1823,3031,2025-03-01,monthly,99
1824,3034,2025-02-07,yearly,999
1825,3036,2025-01-30,yearly,999
1826,3038,2025-01-16,yearly,999
1827,3039,2025-01-31,monthly,99
1828,3041,2025-02-14,yearly,999
1829,3043,2025-03-05,yearly,999
1830,3044,2025-01-29,monthly,99
1831,3045,2025-01-19,monthly,99
1832,3046,2025-02-15,monthly,99
1833,3047,2025-01-19,yearly,999
1834,3048,2025-01-26,yearly,999
1835,3050,2025-02-16,monthly,99
1836,3051,2025-03-03,yearly,999
1837,3056,2025-01-15,yearly,999
1838,3057,2025-01-22,monthly,99
1839,3059,2025-02-02,yearly,999
1840,3061,2025-02-27,yearly,999
1841,3062,2025-02-06,yearly,999
1842,3063,2025-02-21,yearly,999
1843,3064,2025-01-11,yearly,999
1844,3065,2025-01-21,monthly,99
1845,3066,2025-02-04,monthly,99
1846,3067,2025-02-27,monthly,99
1847,3069,2025-01-23,monthly,99
1848,3070,2025-02-03,yearly,999
1849,3071,2025-02-16,yearly,999
1850,3072,2025-02-26,yearly,999
1851,3073,2025-03-02,monthly,99
1852,3075,2025-01-12,yearly,999
1853,3077,2025-01-12,yearly,999
1854,3084,2025-02-18,monthly,99
1855,3085,2025-02-13,monthly,99
1856,3088,2025-02-13,yearly,999
1857,3089,2025-02-21,yearly,999
1858,3090,2025-01-15,yearly,999
1859,3092,2025-02-21,monthly,99
1860,3093,2025-01-25,yearly,999
1861,3094,2025-03-08,yearly,999
1862,3095,2025-01-20,monthly,99
1863,3099,2025-01-16,monthly,99
1864,3100,2025-03-02,monthly,99
1865,3102,2025-03-08,yearly,999
1866,3103,2025-01-29,yearly,999
1867,3104,2025-02-27,yearly,999
1868,3112,2025-02-03,yearly,999
1869,3115,2025-02-01,monthly,99
1870,3117,2025-02-15,monthly,99
1871,3118,2025-02-17,yearly,999
1872,3121,2025-02-08,yearly,999
1873,3122,2025-03-03,monthly,99
1874,3124,2025-03-07,monthly,99
1875,3125,2025-01-17,yearly,999
1876,3126,2025-02-07,yearly,999
1877,3128,2025-01-26,yearly,999
1878,3129,2025-03-10,monthly,99
1879,3132,2025-02-23,yearly,999
1880,3133,2025-01-30,yearly,999
1881,3135,2025-02-24,monthly,99
1882,3137,2025-02-16,yearly,999
1883,3138,2025-02-19,monthly,99
1884,3141,2025-02-09,monthly,99
1885,3143,2025-03-07,yearly,999
1886,3144,2025-02-13,monthly,99
1887,3147,2025-02-08,yearly,999
1888,3153,2025-02-21,monthly,99
1889,3158,2025-01-20,yearly,999
1890,3159,2025-02-09,monthly,99
1891,3160,2025-02-17,monthly,99
1892,3162,2025-01-15,yearly,999
1893,3164,2025-01-21,yearly,999
1894,3165,2025-02-07,monthly,99
1895,3166,2025-01-20,yearly,999
1896,3167,2025-02-05,monthly,99
1897,3168,2025-01-16,yearly,999
1898,3173,2025-02-20,monthly,99
1899,3176,2025-02-11,yearly,999
1900,3178,2025-02-16,yearly,999
1901,3179,2025-02-08,monthly,99
1902,3180,2025-01-14,monthly,99
1903,3181,2025-03-08,monthly,99
1904,3183,2025-02-15,monthly,99
1905,3184,2025-02-22,monthly,99
1906,3185,2025-02-19,monthly,99
1907,3188,2025-02-13,yearly,999
1908,3190,2025-03-01,yearly,999
1909,3192,2025-02-09,monthly,99
1910,3193,2025-01-29,yearly,999
1911,3194,2025-01-22,monthly,99
1912,3195,2025-02-22,monthly,99
1913,3196,2025-01-31,monthly,99
1914,3198,2025-02-03,yearly,999
1915,3203,2025-01-24,yearly,999
1916,3205,2025-01-20,monthly,99
1917,3206,2025-02-19,monthly,99
1918,3207,2025-02-28,monthly,99
1919,3208,2025-01-24,monthly,99
1920,3209,2025-01-13,monthly,99
1921,3210,2025-02-05,yearly,999
1922,3211,2025-02-17,yearly,999
1923,3214,2025-02-20,monthly,99
1924,3216,2025-02-19,monthly,99
1925,3218,2025-01-22,monthly,99
1926,3220,2025-01-11,yearly,999
1927,3223,2025-03-01,monthly,99
1928,3226,2025-01-18,yearly,999
1929,3227,2025-01-22,yearly,999
1930,3228,2025-02-13,monthly,99
1931,3229,2025-02-14,monthly,99
1932,3230,2025-01-14,monthly,99
1933,3231,2025-02-06,yearly,999
1934,3235,2025-01-28,monthly,99
1935,3236,2025-01-20,monthly,99
1936,3237,2025-03-02,monthly,99
1937,3239,2025-03-04,monthly,99
1938,3240,2025-01-29,yearly,999
1939,3241,2025-01-28,yearly,999
1940,3242,2025-03-02,yearly,999
1941,3244,2025-02-10,monthly,99
1942,3245,2025-03-05,yearly,999
1943,3248,2025-01-24,monthly,99
1944,3249,2025-01-13,yearly,999
1945,3250,2025-02-24,monthly,99
1946,3252,2025-02-27,yearly,999
1947,3253,2025-01-30,monthly,99
1948,3254,2025-02-23,yearly,999
1949,3256,2025-03-04,yearly,999
1950,3257,2025-01-30,monthly,99
1951,3258,2025-02-09,monthly,99
1952,3259,2025-02-13,monthly,99
1953,3261,2025-02-10,yearly,999
1954,3262,2025-02-25,yearly,999
1955,3263,2025-01-18,yearly,999
1956,3264,2025-01-12,monthly,99
1957,3265,2025-02-05,yearly,999
1958,3266,2025-01-17,yearly,999
1959,3267,2025-02-01,monthly,99
1960,3269,2025-03-07,monthly,99
1961,3272,2025-02-11,yearly,999
1962,3273,2025-03-08,monthly,99
1963,3274,2025-02-17,yearly,999
1964,3276,2025-02-13,monthly,99
1965,3278,2025-02-13,yearly,999
1966,3279,2025-01-12,yearly,999
1967,3280,2025-02-20,monthly,99
1968,3281,2025-03-01,yearly,999
1969,3282,2025-03-01,monthly,99
1970,3283,2025-03-02,monthly,99
1971,3285,2025-02-02,yearly,999
1972,3288,2025-02-03,monthly,99
1973,3290,2025-03-09,monthly,99
1974,3292,2025-03-08,monthly,99
1975,3294,2025-01-25,yearly,999
1976,3295,2025-02-06,monthly,99
1977,3296,2025-02-05,yearly,999
1978,3297,2025-03-07,monthly,99
1979,3299,2025-02-13,monthly,99
1980,3300,2025-01-20,yearly,999
1981,3301,2025-01-24,monthly,99
1982,3303,2025-03-01,monthly,99
1983,3304,2025-02-16,yearly,999
1984,3306,2025-01-16,yearly,999
1985,3309,2025-01-23,yearly,999
1986,3313,2025-02-12,monthly,99
1987,3314,2025-03-01,yearly,999
1988,3316,2025-01-15,monthly,99
1989,3317,2025-02-23,monthly,99
1990,3320,2025-02-09,yearly,999
1991,3322,2025-01-15,yearly,999
1992,3323,2025-01-18,yearly,999
1993,3326,2025-02-28,yearly,999
1994,3327,2025-02-02,yearly,999
1995,3328,2025-01-16,yearly,999
1996,3329,2025-02-12,yearly,999
1997,3330,2025-02-15,monthly,99
1998,3333,2025-02-06,yearly,999
1999,3337,2025-02-09,yearly,999
2000,3339,2025-01-23,monthly,99
2001,3340,2025-03-11,yearly,999
2002,3343,2025-01-19,monthly,99
2003,3344,2025-02-20,monthly,99
2004,3345,2025-03-01,monthly,99
2005,3346,2025-01-16,yearly,999
2006,3347,2025-03-02,yearly,999
2007,3350,2025-03-11,monthly,99
2008,3351,2025-01-11,monthly,99
2009,3355,2025-01-26,yearly,999
2010,3356,2025-02-17,monthly,99
2011,3357,2025-02-09,yearly,999
2012,3358,2025-01-29,yearly,999
2013,3359,2025-01-23,monthly,99
2014,3360,2025-01-23,monthly,99
2015,3361,2025-02-01,monthly,99
2016,3363,2025-02-04,yearly,999
2017,3365,2025-03-02,yearly,999
2018,3371,2025-03-10,yearly,999
2019,3372,2025-01-18,monthly,99
2020,3373,2025-01-25,yearly,999
2021,3374,2025-02-26,yearly,999
2022,3376,2025-02-17,yearly,999
2023,3377,2025-02-22,monthly,99
2024,3380,2025-02-28,monthly,99
2025,3381,2025-01-31,monthly,99
2026,3382,2025-02-23,yearly,999
2027,3383,2025-02-25,yearly,999
2028,3384,2025-02-03,yearly,999
2029,3386,2025-01-26,yearly,999
2030,3387,2025-01-27,yearly,999
2031,3388,2025-02-23,yearly,999
2032,3391,2025-01-21,monthly,99
2033,3393,2025-02-07,monthly,99
2034,3394,2025-02-16,monthly,99
2035,3395,2025-03-03,monthly,99
2036,3396,2025-01-28,monthly,99
2037,3397,2025-02-17,yearly,999
2038,3398,2025-01-29,yearly,999
2039,3400,2025-03-09,yearly,999
2040,3403,2025-01-14,yearly,999
2041,3404,2025-02-14,monthly,99
2042,3405,2025-02-11,monthly,99
2043,3407,2025-03-02,monthly,99
2044,3410,2025-02-02,monthly,99
2045,3411,2025-02-13,monthly,99
2046,3413,2025-02-26,monthly,99
2047,3414,2025-02-28,monthly,99
2048,3416,2025-02-26,monthly,99
2049,3417,2025-03-10,monthly,99
2050,3418,2025-03-01,yearly,999
2051,3419,2025-01-23,yearly,999
2052,3420,2025-01-11,yearly,999
2053,3422,2025-03-05,monthly,99
2054,3425,2025-01-26,yearly,999
2055,3426,2025-02-03,yearly,999
2056,3430,2025-01-17,yearly,999
2057,3431,2025-02-05,yearly,999
2058,3433,2025-03-06,monthly,99
2059,3434,2025-01-22,monthly,99
2060,3435,2025-02-25,yearly,999
2061,3436,2025-02-25,monthly,99
2062,3438,2025-02-26,monthly,99
2063,3439,2025-02-18,monthly,99
2064,3441,2025-02-10,yearly,999
2065,3444,2025-02-04,monthly,99
2066,3445,2025-02-28,yearly,999
2067,3447,2025-02-16,monthly,99
2068,3448,2025-02-01,monthly,99
2069,3449,2025-01-12,monthly,99
2070,3452,2025-02-19,monthly,99
2071,3454,2025-02-05,monthly,99
2072,3455,2025-03-09,yearly,999
2073,3462,2025-02-09,monthly,99
2074,3463,2025-02-10,monthly,99
2075,3464,2025-02-08,yearly,999
2076,3465,2025-02-01,yearly,999
2077,3467,2025-02-11,monthly,99
2078,3470,2025-03-11,monthly,99
2079,3472,2025-03-01,yearly,999
2080,3477,2025-03-01,monthly,99
2081,3479,2025-01-13,monthly,99
2082,3480,2025-02-17,monthly,99
2083,3481,2025-02-09,monthly,99
2084,3483,2025-03-04,monthly,99
2085,3484,2025-01-17,yearly,999
2086,3485,2025-02-17,monthly,99
2087,3486,2025-02-27,yearly,999
2088,3488,2025-02-10,monthly,99
2089,3489,2025-02-12,yearly,999
2090,3493,2025-03-07,monthly,99
2091,3494,2025-02-10,yearly,999
2092,3495,2025-02-23,yearly,999
2093,3496,2025-03-08,yearly,999
2094,3498,2025-01-14,yearly,999
2095,3499,2025-02-22,monthly,99
2096,3500,2025-03-03,yearly,999
2097,3501,2025-02-19,monthly,99
2098,3503,2025-01-15,yearly,999
2099,3504,2025-02-22,yearly,999
2100,3505,2025-02-26,yearly,999
2101,3506,2025-02-26,monthly,99
2102,3507,2025-01-22,monthly,99
2103,3508,2025-03-03,yearly,999
2104,3511,2025-03-01,yearly,999
2105,3512,2025-02-14,monthly,99
2106,3513,2025-01-30,monthly,99
2107,3514,2025-02-28,monthly,99
2108,3515,2025-02-08,yearly,999
2109,3517,2025-01-26,monthly,99
2110,3519,2025-02-18,monthly,99
2111,3520,2025-01-27,yearly,999
2112,3522,2025-01-21,monthly,99
2113,3523,2025-02-09,yearly,999
2114,3524,2025-03-10,monthly,99
2115,3526,2025-01-17,monthly,99
2116,3528,2025-02-01,yearly,999
2117,3529,2025-01-22,yearly,999
2118,3530,2025-01-25,yearly,999
2119,3532,2025-01-20,monthly,99
2120,3533,2025-01-26,yearly,999
2121,3534,2025-02-22,yearly,999
2122,3535,2025-02-10,yearly,999
2123,3536,2025-02-18,yearly,999
2124,3537,2025-01-25,monthly,99
2125,3539,2025-01-21,yearly,999
2126,3541,2025-01-23,monthly,99
2127,3545,2025-02-13,yearly,999
2128,3547,2025-02-19,yearly,999
2129,3548,2025-01-14,yearly,999
2130,3549,2025-02-12,monthly,99
2131,3557,2025-01-17,monthly,99
2132,3559,2025-02-27,monthly,99
2133,3564,2025-02-21,monthly,99
2134,3565,2025-02-04,monthly,99
2135,3566,2025-02-24,monthly,99
2136,3568,2025-02-06,yearly,999
2137,3569,2025-01-13,monthly,99
2138,3572,2025-02-21,yearly,999
2139,3573,2025-01-27,monthly,99
2140,3574,2025-03-11,monthly,99
2141,3575,2025-01-28,yearly,999
2142,3578,2025-02-21,yearly,999
2143,3580,2025-03-01,yearly,999
2144,3584,2025-03-04,yearly,999
2145,3585,2025-02-01,monthly,99
2146,3586,2025-01-19,yearly,999
2147,3587,2025-02-21,monthly,99
2148,3589,2025-02-17,monthly,99
2149,3595,2025-01-17,yearly,999
2150,3597,2025-02-08,monthly,99
2151,3598,2025-02-19,monthly,99
2152,3599,2025-02-21,yearly,999
2153,3600,2025-01-16,monthly,99
2154,3602,2025-01-29,yearly,999
2155,3606,2025-02-13,yearly,999
2156,3608,2025-02-24,monthly,99
2157,3609,2025-01-16,monthly,99
2158,3611,2025-02-14,monthly,99
2159,3612,2025-02-01,monthly,99
2160,3616,2025-02-15,yearly,999
2161,3619,2025-03-08,monthly,99
2162,3623,2025-03-06,yearly,999
2163,3626,2025-02-01,monthly,99
2164,3629,2025-03-03,yearly,999
2165,3631,2025-01-14,yearly,999
2166,3633,2025-01-19,yearly,999
2167,3636,2025-03-06,yearly,999
2168,3638,2025-02-22,yearly,999
2169,3640,2025-01-19,monthly,99
2170,3641,2025-01-17,yearly,999
2171,3644,2025-01-11,monthly,99
2172,3645,2025-01-15,yearly,999
2173,3646,2025-02-19,yearly,999
2174,3648,2025-01-16,yearly,999
2175,3650,2025-03-01,monthly,99
2176,3651,2025-02-17,yearly,999
2177,3653,2025-02-21,yearly,999
2178,3659,2025-02-03,yearly,999
2179,3660,2025-01-25,monthly,99
2180,3662,2025-01-12,monthly,99
2181,3664,2025-02-25,monthly,99
2182,3666,2025-01-12,yearly,999
2183,3668,2025-02-04,yearly,999
2184,3670,2025-02-02,yearly,999
2185,3675,2025-03-04,yearly,999
2186,3676,2025-03-11,yearly,999
2187,3677,2025-01-20,yearly,999
2188,3680,2025-01-23,yearly,999
2189,3681,2025-01-27,yearly,999
2190,3683,2025-01-14,yearly,999
2191,3684,2025-03-02,monthly,99
2192,3685,2025-02-23,yearly,999
2193,3686,2025-01-11,yearly,999
2194,3688,2025-01-20,yearly,999
2195,3689,2025-02-21,yearly,999
2196,3690,2025-01-26,monthly,99
2197,3693,2025-02-14,yearly,999
2198,3694,2025-02-14,monthly,99
2199,3696,2025-03-04,yearly,999
2200,3697,2025-02-07,yearly,999
2201,3698,2025-02-15,yearly,999
2202,3700,2025-02-13,monthly,99
2203,3701,2025-02-11,monthly,99
2204,3702,2025-03-11,monthly,99
2205,3704,2025-01-24,yearly,999
2206,3705,2025-01-16,yearly,999
2207,3706,2025-01-30,monthly,99
2208,3710,2025-02-11,yearly,999
2209,3711,2025-01-27,yearly,999
2210,3712,2025-01-26,yearly,999
2211,3713,2025-02-24,monthly,99
2212,3714,2025-02-03,yearly,999
2213,3715,2025-02-25,monthly,99
2214,3718,2025-02-07,yearly,999
2215,3719,2025-02-14,yearly,999
2216,3722,2025-02-22,yearly,999
2217,3726,2025-03-11,yearly,999
2218,3728,2025-02-21,yearly,999
2219,3729,2025-02-26,monthly,99
2220,3730,2025-01-22,monthly,99
2221,3733,2025-01-20,yearly,999
2222,3734,2025-01-19,yearly,999
2223,3735,2025-02-25,yearly,999
2224,3736,2025-02-20,yearly,999
2225,3743,2025-02-23,monthly,99
2226,3746,2025-01-30,monthly,99
2227,3748,2025-02-23,yearly,999
2228,3749,2025-02-08,yearly,999
2229,3750,2025-02-07,yearly,999
2230,3751,2025-03-07,monthly,99
2231,3752,2025-03-08,monthly,99
2232,3753,2025-02-17,yearly,999
2233,3755,2025-01-11,monthly,99
2234,3757,2025-02-13,monthly,99
2235,3758,2025-01-14,monthly,99
2236,3759,2025-02-04,monthly,99
2237,3760,2025-01-21,monthly,99
2238,3762,2025-02-14,yearly,999
2239,3764,2025-02-15,yearly,999
2240,3765,2025-01-13,monthly,99
2241,3766,2025-02-21,monthly,99
2242,3768,2025-02-16,yearly,999
2243,3772,2025-01-28,monthly,99
2244,3773,2025-01-21,monthly,99
2245,3775,2025-01-22,yearly,999
2246,3777,2025-02-21,monthly,99
2247,3778,2025-02-04,yearly,999
2248,3780,2025-02-10,monthly,99
2249,3781,2025-01-17,monthly,99
2250,3782,2025-03-07,yearly,999
2251,3784,2025-02-04,monthly,99
2252,3786,2025-03-08,monthly,99
2253,3787,2025-01-13,yearly,999
2254,3788,2025-02-13,yearly,999
2255,3789,2025-03-09,yearly,999
2256,3790,2025-03-09,monthly,99
2257,3796,2025-02-19,monthly,99
2258,3797,2025-03-10,yearly,999
2259,3798,2025-03-08,monthly,99
2260,3799,2025-01-22,monthly,99
2261,3802,2025-02-28,yearly,999
2262,3804,2025-02-04,monthly,99
2263,3807,2025-02-20,yearly,999
2264,3808,2025-01-24,yearly,999
2265,3809,2025-01-30,monthly,99
2266,3811,2025-02-06,yearly,999
2267,3812,2025-02-17,yearly,999
2268,3814,2025-01-14,yearly,999
2269,3815,2025-02-15,yearly,999
2270,3816,2025-03-03,monthly,99
2271,3817,2025-02-22,yearly,999
2272,3820,2025-02-13,monthly,99
2273,3821,2025-02-23,yearly,999
2274,3822,2025-02-12,yearly,999
2275,3823,2025-02-14,yearly,999
2276,3824,2025-02-08,yearly,999
2277,3828,2025-02-02,yearly,999
2278,3830,2025-02-01,yearly,999
2279,3831,2025-02-23,yearly,999
2280,3833,2025-01-17,monthly,99
2281,3834,2025-01-24,yearly,999
2282,3835,2025-02-17,monthly,99
2283,3839,2025-02-27,yearly,999
2284,3840,2025-01-15,monthly,99
2285,3841,2025-02-13,yearly,999
2286,3842,2025-01-19,yearly,999
2287,3844,2025-03-11,yearly,999
2288,3845,2025-01-13,yearly,999
2289,3846,2025-02-01,yearly,999
2290,3847,2025-01-12,yearly,999
2291,3848,2025-02-03,monthly,99
2292,3851,2025-01-22,monthly,99
2293,3852,2025-03-08,monthly,99
2294,3854,2025-01-15,yearly,999
2295,3858,2025-02-26,yearly,999
2296,3863,2025-01-12,yearly,999
2297,3865,2025-03-07,monthly,99
2298,3867,2025-02-27,yearly,999
2299,3868,2025-02-01,monthly,99
2300,3869,2025-03-08,yearly,999
2301,3870,2025-01-30,monthly,99
2302,3871,2025-02-11,yearly,999
2303,3872,2025-01-20,monthly,99
2304,3873,2025-01-11,yearly,999
2305,3879,2025-03-04,yearly,999
2306,3881,2025-02-12,yearly,999
2307,3883,2025-02-10,yearly,999
2308,3886,2025-02-27,yearly,999
2309,3888,2025-03-05,yearly,999
2310,3890,2025-02-09,yearly,999
2311,3891,2025-01-20,monthly,99
2312,3892,2025-02-05,monthly,99
2313,3893,2025-02-22,yearly,999
2314,3894,2025-01-28,monthly,99
2315,3897,2025-02-20,yearly,999
2316,3899,2025-02-20,yearly,999
2317,3900,2025-02-14,yearly,999
2318,3901,2025-01-22,yearly,999
2319,3904,2025-01-19,yearly,999
2320,3906,2025-02-14,yearly,999
2321,3907,2025-03-03,monthly,99
2322,3908,2025-02-01,monthly,99
2323,3909,2025-02-08,yearly,999
2324,3910,2025-01-14,monthly,99
2325,3911,2025-01-12,monthly,99
2326,3915,2025-01-16,yearly,999
2327,3917,2025-02-21,monthly,99
2328,3919,2025-01-17,monthly,99
2329,3922,2025-03-09,monthly,99
2330,3924,2025-03-02,yearly,999
2331,3925,2025-03-11,yearly,999
2332,3926,2025-03-04,yearly,999
2333,3928,2025-03-03,monthly,99
2334,3929,2025-03-07,yearly,999
2335,3930,2025-02-13,yearly,999
2336,3932,2025-02-04,monthly,99
2337,3937,2025-03-11,monthly,99
2338,3940,2025-01-13,yearly,999
2339,3941,2025-01-20,yearly,999
2340,3943,2025-02-27,yearly,999
2341,3944,2025-03-04,yearly,999
2342,3946,2025-02-08,monthly,99
2343,3947,2025-02-06,monthly,99
2344,3950,2025-02-20,monthly,99
2345,3952,2025-02-01,yearly,999
2346,3954,2025-02-09,yearly,999
2347,3955,2025-01-11,yearly,999
2348,3958,2025-02-15,monthly,99
2349,3959,2025-02-07,yearly,999
2350,3960,2025-02-15,monthly,99
2351,3963,2025-01-21,monthly,99
2352,3964,2025-01-27,yearly,999
2353,3965,2025-02-23,monthly,99
2354,3967,2025-02-15,monthly,99
2355,3968,2025-03-08,monthly,99
2356,3971,2025-01-21,monthly,99
2357,3972,2025-01-11,monthly,99
2358,3973,2025-03-08,monthly,99
2359,3974,2025-01-26,yearly,999
2360,3975,2025-03-01,yearly,999
2361,3976,2025-01-24,monthly,99
2362,3977,2025-02-26,yearly,999
2363,3978,2025-02-17,yearly,999
2364,3981,2025-03-06,monthly,99
2365,3982,2025-03-03,monthly,99
2366,3984,2025-01-27,monthly,99
2367,3986,2025-03-07,monthly,99
2368,3987,2025-03-06,monthly,99
2369,3988,2025-02-07,monthly,99
2370,3990,2025-01-27,monthly,99
2371,3992,2025-01-26,monthly,99
2372,3995,2025-02-20,monthly,99
2373,3996,2025-03-05,monthly,99
2374,3997,2025-01-31,yearly,999
2375,3998,2025-01-26,yearly,999
2376,4000,2025-03-10,monthly,99
2377,4001,2025-02-12,monthly,99
2378,4002,2025-01-24,yearly,999
2379,4005,2025-02-20,monthly,99
2380,4006,2025-02-03,monthly,99
2381,4007,2025-01-27,yearly,999
2382,4008,2025-03-02,monthly,99
2383,4010,2025-02-10,monthly,99
2384,4012,2025-02-22,yearly,999
2385,4013,2025-02-21,monthly,99
2386,4022,2025-01-17,monthly,99
2387,4024,2025-03-02,monthly,99
2388,4027,2025-02-15,yearly,999
2389,4028,2025-02-07,monthly,99
2390,4030,2025-03-03,yearly,999
2391,4031,2025-01-27,yearly,999
2392,4032,2025-01-24,monthly,99
2393,4035,2025-01-23,monthly,99
2394,4036,2025-02-03,yearly,999
2395,4037,2025-02-02,monthly,99
2396,4038,2025-02-14,monthly,99
2397,4040,2025-02-06,yearly,999
2398,4041,2025-01-19,yearly,999
2399,4042,2025-01-12,monthly,99
2400,4043,2025-01-23,yearly,999
2401,4046,2025-01-30,monthly,99
2402,4047,2025-01-11,yearly,999
2403,4053,2025-01-17,monthly,99
2404,4054,2025-03-08,yearly,999
2405,4055,2025-01-20,monthly,99
2406,4056,2025-01-18,yearly,999
2407,4059,2025-02-15,monthly,99
2408,4060,2025-02-12,yearly,999
2409,4063,2025-01-24,yearly,999
2410,4064,2025-01-26,yearly,999
2411,4066,2025-02-27,monthly,99
2412,4068,2025-02-24,yearly,999
2413,4070,2025-02-03,monthly,99
2414,4072,2025-02-10,yearly,999
2415,4073,2025-01-17,yearly,999
2416,4074,2025-01-25,monthly,99
2417,4077,2025-02-22,monthly,99
2418,4080,2025-01-11,yearly,999
2419,4081,2025-02-28,monthly,99
2420,4083,2025-01-14,yearly,999
2421,4086,2025-01-19,yearly,999
2422,4087,2025-02-27,monthly,99
2423,4088,2025-02-25,monthly,99
2424,4089,2025-01-12,yearly,999
2425,4091,2025-02-09,yearly,999
2426,4092,2025-01-21,monthly,99
2427,4093,2025-03-09,yearly,999
2428,4094,2025-01-12,monthly,99
2429,4095,2025-03-10,monthly,99
2430,4098,2025-02-01,monthly,99
2431,4099,2025-02-01,yearly,999
2432,4100,2025-01-21,yearly,999
2433,4101,2025-03-09,yearly,999
2434,4102,2025-01-13,monthly,99
2435,4104,2025-01-18,yearly,999
2436,4105,2025-01-23,monthly,99
2437,4106,2025-02-07,monthly,99
2438,4110,2025-02-23,yearly,999
2439,4111,2025-02-08,monthly,99
2440,4112,2025-03-06,monthly,99
2441,4114,2025-01-29,monthly,99
2442,4116,2025-01-31,monthly,99
2443,4117,2025-02-18,yearly,999
2444,4118,2025-02-26,yearly,999
2445,4123,2025-02-17,monthly,99
2446,4126,2025-02-23,yearly,999
2447,4127,2025-02-15,yearly,999
2448,4129,2025-02-20,yearly,999
2449,4131,2025-03-01,monthly,99
2450,4133,2025-02-18,yearly,999
2451,4134,2025-02-04,monthly,99
2452,4135,2025-01-25,monthly,99
2453,4137,2025-01-13,yearly,999
2454,4144,2025-02-07,monthly,99
2455,4145,2025-01-21,yearly,999
2456,4147,2025-01-22,yearly,999
2457,4153,2025-02-11,yearly,999
2458,4154,2025-01-14,yearly,999
2459,4155,2025-03-05,yearly,999
2460,4156,2025-01-22,yearly,999
2461,4157,2025-01-16,monthly,99
2462,4159,2025-02-04,yearly,999
2463,4160,2025-02-11,yearly,999
2464,4161,2025-02-05,monthly,99
2465,4162,2025-02-23,yearly,999
2466,4163,2025-03-09,yearly,999
2467,4164,2025-02-27,yearly,999
2468,4166,2025-02-02,monthly,99
2469,4167,2025-02-11,monthly,99
2470,4168,2025-03-07,yearly,999
2471,4169,2025-02-24,monthly,99
2472,4171,2025-02-17,yearly,999
2473,4172,2025-01-12,yearly,999
2474,4174,2025-02-25,yearly,999
2475,4177,2025-02-25,yearly,999
2476,4179,2025-03-05,monthly,99
2477,4180,2025-03-10,yearly,999
2478,4183,2025-01-16,monthly,99
2479,4187,2025-02-10,yearly,999
2480,4189,2025-02-04,monthly,99
2481,4190,2025-02-18,yearly,999
2482,4191,2025-02-16,yearly,999
2483,4193,2025-01-26,yearly,999
2484,4196,2025-02-06,yearly,999
2485,4198,2025-01-27,monthly,99
2486,4199,2025-03-09,yearly,999
2487,4200,2025-01-16,yearly,999
2488,4203,2025-03-07,yearly,999
2489,4205,2025-03-04,monthly,99
2490,4206,2025-02-12,monthly,99
2491,4207,2025-02-01,monthly,99
2492,4208,2025-01-17,yearly,999
2493,4209,2025-02-17,yearly,999
2494,4210,2025-03-05,monthly,99
2495,4212,2025-02-18,monthly,99
2496,4215,2025-02-06,monthly,99
2497,4216,2025-03-07,yearly,999
2498,4217,2025-03-03,yearly,999
2499,4220,2025-02-02,yearly,999
2500,4221,2025-02-21,yearly,999
2501,4222,2025-01-29,yearly,999
2502,4223,2025-01-21,monthly,99
2503,4224,2025-01-29,yearly,999
2504,4226,2025-01-19,monthly,99
2505,4227,2025-03-01,yearly,999
2506,4232,2025-02-18,yearly,999
2507,4233,2025-02-03,monthly,99
2508,4234,2025-01-30,monthly,99
2509,4235,2025-01-28,yearly,999
2510,4239,2025-02-19,yearly,999
2511,4240,2025-01-18,yearly,999
2512,4242,2025-03-04,yearly,999
2513,4243,2025-01-21,monthly,99
2514,4244,2025-03-11,monthly,99
2515,4245,2025-01-18,yearly,999
2516,4246,2025-03-04,yearly,999
2517,4247,2025-02-15,yearly,999
2518,4253,2025-03-06,monthly,99
2519,4254,2025-03-08,yearly,999
2520,4257,2025-01-23,monthly,99
2521,4260,2025-01-11,monthly,99
2522,4264,2025-02-25,monthly,99
2523,4266,2025-02-19,monthly,99
2524,4268,2025-02-11,yearly,999
2525,4270,2025-02-06,yearly,999
2526,4271,2025-01-19,yearly,999
2527,4274,2025-01-17,yearly,999
2528,4275,2025-03-04,yearly,999
2529,4276,2025-02-25,yearly,999
2530,4277,2025-01-16,monthly,99
2531,4278,2025-02-24,monthly,99
2532,4280,2025-01-27,monthly,99
2533,4281,2025-02-20,yearly,999
2534,4283,2025-02-24,yearly,999
2535,4284,2025-01-23,monthly,99
2536,4285,2025-03-01,monthly,99
2537,4286,2025-02-05,yearly,999
2538,4287,2025-01-19,yearly,999
2539,4289,2025-02-09,monthly,99
2540,4290,2025-02-11,yearly,999
2541,4291,2025-02-25,yearly,999
2542,4292,2025-01-30,yearly,999
2543,4294,2025-01-25,monthly,99
2544,4295,2025-02-14,yearly,999
2545,4298,2025-01-26,monthly,99
2546,4299,2025-02-25,monthly,99
2547,4300,2025-02-13,monthly,99
2548,4302,2025-02-20,yearly,999
2549,4304,2025-03-10,yearly,999
2550,4305,2025-03-04,monthly,99
2551,4306,2025-02-18,yearly,999
2552,4310,2025-03-03,yearly,999
2553,4311,2025-02-22,yearly,999
2554,4312,2025-03-09,yearly,999
2555,4313,2025-02-25,monthly,99
2556,4315,2025-01-19,yearly,999
2557,4316,2025-02-04,yearly,999
2558,4317,2025-01-11,yearly,999
2559,4318,2025-01-29,monthly,99
2560,4319,2025-01-23,yearly,999
2561,4320,2025-01-21,monthly,99
2562,4324,2025-02-26,yearly,999
2563,4326,2025-01-14,monthly,99
2564,4327,2025-01-25,yearly,999
2565,4328,2025-02-19,yearly,999
2566,4330,2025-01-22,monthly,99
2567,4338,2025-03-07,yearly,999
2568,4339,2025-02-02,monthly,99
2569,4342,2025-01-15,monthly,99
2570,4343,2025-02-14,monthly,99
2571,4344,2025-02-02,monthly,99
2572,4346,2025-03-08,yearly,999
2573,4348,2025-01-25,monthly,99
2574,4350,2025-01-15,yearly,999
2575,4351,2025-01-16,monthly,99
2576,4352,2025-01-24,yearly,999
2577,4354,2025-01-22,yearly,999
2578,4355,2025-03-10,yearly,999
2579,4357,2025-01-27,monthly,99
2580,4358,2025-02-26,monthly,99
2581,4359,2025-03-07,monthly,99
2582,4360,2025-02-21,monthly,99
2583,4363,2025-01-17,monthly,99
2584,4367,2025-01-31,yearly,999
2585,4368,2025-02-24,monthly,99
2586,4369,2025-02-11,monthly,99
2587,4371,2025-03-01,yearly,999
2588,4372,2025-01-19,yearly,999
2589,4379,2025-01-17,monthly,99
2590,4380,2025-01-20,monthly,99
2591,4381,2025-03-08,monthly,99
2592,4382,2025-02-28,yearly,999
2593,4383,2025-01-28,monthly,99
2594,4385,2025-02-07,yearly,999
2595,4386,2025-01-13,monthly,99
2596,4387,2025-01-30,yearly,999
2597,4388,2025-02-23,yearly,999
2598,4393,2025-03-05,yearly,999
2599,4394,2025-01-25,yearly,999
2600,4395,2025-02-08,monthly,99
2601,4396,2025-01-24,monthly,99
2602,4397,2025-02-10,yearly,999
2603,4398,2025-02-15,yearly,999
2604,4401,2025-02-27,yearly,999
2605,4404,2025-02-07,yearly,999
2606,4405,2025-03-08,monthly,99
2607,4406,2025-02-07,yearly,999
2608,4408,2025-01-14,monthly,99
2609,4410,2025-02-26,yearly,999
2610,4413,2025-02-26,yearly,999
2611,4417,2025-01-21,monthly,99
2612,4418,2025-03-02,yearly,999
2613,4420,2025-01-25,yearly,999
2614,4422,2025-01-25,yearly,999
2615,4425,2025-03-09,monthly,99
2616,4426,2025-01-24,monthly,99
2617,4427,2025-01-12,monthly,99
2618,4428,2025-01-11,monthly,99
2619,4429,2025-02-01,monthly,99
2620,4431,2025-03-08,monthly,99
2621,4432,2025-01-12,yearly,999
2622,4433,2025-01-11,yearly,999
2623,4434,2025-01-21,yearly,999
2624,4437,2025-03-08,monthly,99
2625,4438,2025-02-08,yearly,999
2626,4439,2025-01-11,yearly,999
2627,4441,2025-02-20,yearly,999
2628,4442,2025-01-24,yearly,999
2629,4443,2025-02-14,monthly,99
2630,4445,2025-01-13,monthly,99
2631,4449,2025-03-04,yearly,999
2632,4450,2025-02-10,yearly,999
2633,4453,2025-02-17,yearly,999
2634,4454,2025-02-09,yearly,999
2635,4456,2025-02-14,monthly,99
2636,4457,2025-03-05,monthly,99
2637,4458,2025-02-04,monthly,99
2638,4459,2025-03-05,monthly,99
2639,4460,2025-01-17,yearly,999
2640,4462,2025-02-15,yearly,999
2641,4463,2025-02-20,yearly,999
2642,4464,2025-02-15,yearly,999
2643,4467,2025-02-13,yearly,999
2644,4469,2025-01-15,monthly,99
2645,4470,2025-02-22,monthly,99
2646,4471,2025-01-26,yearly,999
2647,4472,2025-01-20,monthly,99
2648,4474,2025-02-20,monthly,99
2649,4475,2025-03-01,monthly,99
2650,4477,2025-02-27,monthly,99
2651,4479,2025-01-17,monthly,99
2652,4482,2025-02-01,yearly,999
2653,4483,2025-01-23,monthly,99
2654,4487,2025-02-24,yearly,999
2655,4488,2025-01-16,yearly,999
2656,4490,2025-03-02,yearly,999
2657,4492,2025-03-02,monthly,99
2658,4496,2025-02-03,yearly,999
2659,4497,2025-01-12,monthly,99
2660,4498,2025-01-21,monthly,99
2661,4500,2025-01-14,yearly,999
2662,4503,2025-02-14,monthly,99
2663,4504,2025-02-20,yearly,999
2664,4505,2025-03-11,monthly,99
2665,4506,2025-01-16,monthly,99
2666,4508,2025-02-22,yearly,999
2667,4509,2025-02-10,monthly,99
2668,4510,2025-02-05,monthly,99
2669,4511,2025-01-21,yearly,999
2670,4515,2025-03-07,yearly,999
2671,4517,2025-02-10,yearly,999
2672,4520,2025-01-28,yearly,999
2673,4523,2025-02-24,yearly,999
2674,4526,2025-02-19,yearly,999
2675,4527,2025-02-01,monthly,99
2676,4529,2025-01-27,monthly,99
2677,4531,2025-02-25,monthly,99
2678,4532,2025-01-13,yearly,999
2679,4533,2025-02-23,monthly,99
2680,4535,2025-02-05,yearly,999
2681,4536,2025-02-27,yearly,999
2682,4537,2025-02-07,yearly,999
2683,4538,2025-01-21,yearly,999
2684,4539,2025-03-09,monthly,99
2685,4540,2025-02-24,monthly,99
2686,4541,2025-03-02,monthly,99
2687,4543,2025-03-02,yearly,999
2688,4545,2025-03-04,yearly,999
2689,4549,2025-01-17,monthly,99
2690,4550,2025-01-22,monthly,99
2691,4551,2025-01-24,monthly,99
2692,4552,2025-01-27,yearly,999
2693,4553,2025-01-30,yearly,999
2694,4557,2025-01-11,monthly,99
2695,4558,2025-02-07,yearly,999
2696,4559,2025-02-24,monthly,99
2697,4560,2025-01-27,yearly,999
2698,4561,2025-02-26,monthly,99
2699,4562,2025-02-18,yearly,999
2700,4566,2025-01-22,yearly,999
2701,4567,2025-01-31,yearly,999
2702,4569,2025-03-02,monthly,99
2703,4572,2025-01-17,yearly,999
2704,4575,2025-02-03,yearly,999
2705,4578,2025-02-19,yearly,999
2706,4579,2025-01-13,monthly,99
2707,4580,2025-03-03,monthly,99
2708,4582,2025-03-10,yearly,999
2709,4583,2025-02-26,yearly,999
2710,4585,2025-01-24,yearly,999
2711,4588,2025-03-06,yearly,999
2712,4590,2025-03-02,yearly,999
2713,4592,2025-02-27,yearly,999
2714,4593,2025-03-02,yearly,999
2715,4596,2025-01-19,yearly,999
2716,4597,2025-02-24,monthly,99
2717,4604,2025-01-30,yearly,999
2718,4605,2025-02-22,monthly,99
2719,4609,2025-02-17,yearly,999
2720,4610,2025-02-20,monthly,99
2721,4611,2025-03-09,monthly,99
2722,4616,2025-01-14,yearly,999
2723,4618,2025-01-31,monthly,99
2724,4620,2025-01-17,yearly,999
2725,4622,2025-03-05,yearly,999
2726,4624,2025-01-22,yearly,999
2727,4626,2025-01-22,yearly,999
2728,4627,2025-01-25,monthly,99
2729,4633,2025-01-25,monthly,99
2730,4634,2025-02-01,monthly,99
2731,4636,2025-01-12,monthly,99
2732,4637,2025-03-06,monthly,99
2733,4640,2025-02-02,monthly,99
2734,4641,2025-03-07,monthly,99
2735,4642,2025-03-09,yearly,999
2736,4643,2025-02-10,monthly,99
2737,4644,2025-02-12,yearly,999
2738,4645,2025-03-09,monthly,99
2739,4646,2025-01-11,monthly,99
2740,4647,2025-03-05,monthly,99
2741,4648,2025-01-13,yearly,999
2742,4651,2025-02-25,yearly,999
2743,4652,2025-02-25,monthly,99
2744,4654,2025-02-26,monthly,99
2745,4655,2025-01-25,monthly,99
2746,4656,2025-01-28,yearly,999
2747,4659,2025-02-13,monthly,99
2748,4660,2025-01-18,yearly,999
2749,4661,2025-02-16,monthly,99
2750,4663,2025-02-09,yearly,999
2751,4664,2025-02-26,yearly,999
2752,4665,2025-02-13,yearly,999
2753,4670,2025-01-12,yearly,999
2754,4671,2025-02-24,yearly,999
2755,4672,2025-03-03,yearly,999
2756,4674,2025-02-19,monthly,99
2757,4676,2025-02-15,monthly,99
2758,4677,2025-01-17,yearly,999
2759,4678,2025-02-15,monthly,99
2760,4680,2025-02-13,monthly,99
2761,4684,2025-01-20,yearly,999
2762,4686,2025-01-26,monthly,99
2763,4688,2025-03-09,monthly,99
2764,4689,2025-03-10,yearly,999
2765,4691,2025-02-12,monthly,99
2766,4692,2025-02-21,yearly,999
2767,4693,2025-03-10,monthly,99
2768,4696,2025-02-08,yearly,999
2769,4700,2025-02-13,monthly,99
2770,4701,2025-03-09,monthly,99
2771,4702,2025-02-11,yearly,999
2772,4703,2025-01-23,yearly,999
2773,4714,2025-03-08,monthly,99
2774,4716,2025-02-13,yearly,999
2775,4721,2025-01-17,yearly,999
2776,4724,2025-02-05,monthly,99
2777,4728,2025-02-07,monthly,99
2778,4730,2025-02-17,yearly,999
2779,4731,2025-02-13,yearly,999
2780,4732,2025-03-04,yearly,999
2781,4733,2025-01-20,monthly,99
2782,4735,2025-01-19,monthly,99
2783,4739,2025-02-20,yearly,999
2784,4740,2025-01-25,yearly,999
2785,4741,2025-03-04,yearly,999
2786,4744,2025-01-19,yearly,999
2787,4746,2025-01-17,yearly,999
2788,4747,2025-02-14,monthly,99
2789,4749,2025-02-28,yearly,999
2790,4750,2025-02-21,yearly,999
2791,4752,2025-02-06,yearly,999
2792,4753,2025-01-31,yearly,999
2793,4754,2025-01-28,monthly,99
2794,4756,2025-02-20,monthly,99
2795,4757,2025-02-28,yearly,999
2796,4758,2025-02-21,yearly,999
2797,4759,2025-02-06,yearly,999
2798,4760,2025-03-03,yearly,999
2799,4763,2025-01-19,yearly,999
2800,4764,2025-01-15,yearly,999
2801,4765,2025-02-27,yearly,999
2802,4766,2025-02-24,monthly,99
2803,4770,2025-02-10,yearly,999
2804,4771,2025-02-17,monthly,99
2805,4775,2025-02-12,monthly,99
2806,4777,2025-01-23,monthly,99
2807,4778,2025-01-27,yearly,999
2808,4779,2025-01-19,monthly,99
2809,4780,2025-02-28,yearly,999
2810,4786,2025-02-20,yearly,999
2811,4787,2025-02-08,monthly,99
2812,4788,2025-02-13,yearly,999
2813,4789,2025-02-20,yearly,999
2814,4790,2025-02-15,yearly,999
2815,4791,2025-03-02,monthly,99
2816,4792,2025-02-20,monthly,99
2817,4793,2025-03-05,yearly,999
2818,4795,2025-02-04,yearly,999
2819,4796,2025-02-20,monthly,99
2820,4799,2025-02-05,yearly,999
2821,4802,2025-01-12,monthly,99
2822,4805,2025-02-27,yearly,999
2823,4806,2025-01-16,monthly,99
2824,4808,2025-02-28,yearly,999
2825,4810,2025-02-22,yearly,999
2826,4812,2025-02-14,yearly,999
2827,4813,2025-01-27,yearly,999
2828,4816,2025-02-20,monthly,99
2829,4817,2025-02-14,monthly,99
2830,4819,2025-03-04,monthly,99
2831,4821,2025-02-11,yearly,999
2832,4822,2025-02-19,yearly,999
2833,4823,2025-01-16,monthly,99
2834,4824,2025-03-03,monthly,99
2835,4826,2025-01-22,monthly,99
2836,4828,2025-02-04,yearly,999
2837,4829,2025-02-18,monthly,99
2838,4830,2025-02-11,monthly,99
2839,4831,2025-01-23,monthly,99
2840,4832,2025-02-05,yearly,999
2841,4834,2025-01-12,yearly,999
2842,4836,2025-02-20,monthly,99
2843,4837,2025-03-06,monthly,99
2844,4838,2025-03-01,monthly,99
2845,4841,2025-01-15,monthly,99
2846,4842,2025-02-04,monthly,99
2847,4845,2025-03-11,monthly,99
2848,4846,2025-02-26,monthly,99
2849,4847,2025-01-24,monthly,99
2850,4850,2025-01-17,yearly,999
2851,4851,2025-02-19,yearly,999
2852,4852,2025-02-24,monthly,99
2853,4853,2025-03-09,monthly,99
2854,4855,2025-03-05,yearly,999
2855,4856,2025-03-05,monthly,99
2856,4857,2025-01-30,yearly,999
2857,4858,2025-01-23,yearly,999
2858,4859,2025-02-11,monthly,99
2859,4861,2025-01-24,monthly,99
2860,4862,2025-02-05,yearly,999
2861,4863,2025-01-15,yearly,999
2862,4864,2025-02-25,monthly,99
2863,4867,2025-02-16,yearly,999
2864,4868,2025-01-15,monthly,99
2865,4870,2025-01-23,monthly,99
2866,4871,2025-02-06,monthly,99
2867,4875,2025-01-29,yearly,999
2868,4876,2025-03-09,monthly,99
2869,4877,2025-01-20,monthly,99
2870,4879,2025-03-08,yearly,999
2871,4881,2025-02-15,yearly,999
2872,4883,2025-01-22,yearly,999
2873,4884,2025-01-26,yearly,999
2874,4885,2025-03-02,yearly,999
2875,4886,2025-01-14,monthly,99
2876,4888,2025-02-16,monthly,99
2877,4889,2025-03-07,yearly,999
2878,4890,2025-02-06,yearly,999
2879,4893,2025-01-15,yearly,999
2880,4895,2025-03-05,monthly,99
2881,4897,2025-01-22,monthly,99
2882,4898,2025-03-07,yearly,999
2883,4899,2025-01-18,monthly,99
2884,4904,2025-02-14,yearly,999
2885,4905,2025-02-27,yearly,999
2886,4906,2025-03-07,monthly,99
2887,4907,2025-02-22,monthly,99
2888,4909,2025-01-19,yearly,999
2889,4910,2025-02-03,monthly,99
2890,4911,2025-02-11,yearly,999
2891,4912,2025-02-24,monthly,99
2892,4914,2025-02-04,monthly,99
2893,4915,2025-01-17,monthly,99
2894,4917,2025-01-15,monthly,99
2895,4918,2025-02-24,yearly,999
2896,4919,2025-03-01,yearly,999
2897,4920,2025-02-15,yearly,999
2898,4922,2025-02-02,monthly,99
2899,4924,2025-03-05,monthly,99
2900,4925,2025-02-25,monthly,99
2901,4926,2025-02-07,monthly,99
2902,4928,2025-03-11,monthly,99
2903,4929,2025-02-22,yearly,999
2904,4932,2025-02-02,monthly,99
2905,4933,2025-01-15,yearly,999
2906,4935,2025-02-25,monthly,99
2907,4938,2025-02-21,yearly,999
2908,4941,2025-02-02,yearly,999
2909,4945,2025-03-03,yearly,999
2910,4948,2025-02-24,yearly,999
2911,4950,2025-01-20,monthly,99
2912,4951,2025-01-18,yearly,999
2913,4953,2025-01-25,yearly,999
2914,4957,2025-03-06,monthly,99
2915,4960,2025-02-03,yearly,999
2916,4961,2025-02-26,monthly,99
2917,4965,2025-01-12,monthly,99
2918,4968,2025-02-17,monthly,99
2919,4969,2025-02-17,yearly,999
2920,4970,2025-02-13,yearly,999
2921,4972,2025-03-07,yearly,999
2922,4975,2025-01-15,monthly,99
2923,4977,2025-02-12,yearly,999
2924,4978,2025-02-01,monthly,99
2925,4980,2025-02-07,monthly,99
2926,4981,2025-02-06,yearly,999
2927,4982,2025-02-18,yearly,999
2928,4985,2025-01-13,monthly,99
2929,4986,2025-03-05,monthly,99
2930,4987,2025-03-08,yearly,999
2931,4988,2025-01-25,monthly,99
2932,4989,2025-02-28,monthly,99
2933,4991,2025-02-19,monthly,99
2934,4994,2025-03-08,yearly,999
2935,4996,2025-02-09,yearly,999
2936,4997,2025-03-07,monthly,99
2937,4998,2025-02-17,yearly,999
2938,5000,2025-02-26,yearly,999
